county_fips,county_name,latitude,longitude
48001,Anderson County,+31.8132355,-095.6523700
48003,Andrews County,+32.3051060,-102.6378152
48005,Angelina County,+31.2547805,-094.6115821
48007,Aransas County,+28.0846235,-096.9915161
48009,Archer County,+33.6152077,-098.6876743
48011,Armstrong County,+34.9648378,-101.3574087
48013,Atascosa County,+28.8934294,-098.5269873
48015,Austin County,+29.8869449,-096.2776993
48017,Bailey County,+34.0683609,-102.8299151
48019,Bandera County,+29.7473184,-099.2461378
48021,Bastrop County,+30.1034996,-097.3120444
48023,Baylor County,+33.6164020,-099.2135138
48025,Bee County,+28.4172914,-097.7409485
48027,Bell County,+31.0373444,-097.4787564
48029,Bexar County,+29.4488309,-098.5199598
48031,Blanco County,+30.2662328,-098.3998811
48033,Borden County,+32.7436084,-101.4317487
48035,Bosque County,+31.9003042,-097.6342103
48037,Bowie County,+33.4458022,-094.4232272
48039,Brazoria County,+29.1676610,-095.4343566
48041,Brazos County,+30.6606263,-096.3023227
48043,Brewster County,+29.8108828,-103.2516868
48045,Briscoe County,+34.5301735,-101.2085945
48047,Brooks County,+27.0314689,-098.2186800
48049,Brown County,+31.7740563,-098.9997903
48051,Burleson County,+30.4924775,-096.6213996
48053,Burnet County,+30.7881967,-098.1824324
48055,Caldwell County,+29.8368146,-097.6198717
48057,Calhoun County,+28.4389341,-096.6151790
48059,Callahan County,+32.2975735,-099.3734900
48061,Cameron County,+26.1508778,-097.4520381
48063,Camp County,+32.9732416,-094.9784572
48065,Carson County,+35.4034100,-101.3541832
48067,Cass County,+33.0775152,-094.3436219
48069,Castro County,+34.5298696,-102.2616709
48071,Chambers County,+29.7082824,-094.6714265
48073,Cherokee County,+31.8366722,-095.1649589
48075,Childress County,+34.5290765,-100.2075736
48077,Clay County,+33.7852010,-098.2084490
48079,Cochran County,+33.6040305,-102.8284308
48081,Coke County,+31.8885101,-100.5299077
48083,Coleman County,+31.7729545,-099.4536074
48085,Collin County,+33.1879302,-096.5724074
48087,Collingsworth County,+34.9647956,-100.2700660
48089,Colorado County,+29.6207026,-096.5262493
48091,Comal County,+29.8081665,-098.2782278
48093,Comanche County,+31.9479024,-098.5580986
48095,Concho County,+31.3263782,-099.8639354
48097,Cooke County,+33.6391160,-097.2126272
48099,Coryell County,+31.3908208,-097.7992456
48101,Cottle County,+34.0775047,-100.2787638
48103,Crane County,+31.4283669,-102.5154426
48105,Crockett County,+30.7227356,-101.4117391
48107,Crosby County,+33.6145373,-101.2999572
48109,Culberson County,+31.4461452,-104.5177506
48111,Dallam County,+36.2779506,-102.6021854
48113,Dallas County,+32.7664847,-096.7777649
48115,Dawson County,+32.7424410,-101.9476834
48123,DeWitt County,+29.0820618,-097.3569497
48117,Deaf Smith County,+34.9660914,-102.6049268
48119,Delta County,+33.3863284,-095.6723145
48121,Denton County,+33.2054606,-097.1168139
48125,Dickens County,+33.6165243,-100.7788609
48127,Dimmit County,+28.4225437,-099.7567248
48129,Donley County,+34.9653333,-100.8139945
48131,Duval County,+27.6810031,-098.5088439
48133,Eastland County,+32.3270554,-098.8324497
48135,Ector County,+31.8690912,-102.5427493
48137,Edwards County,+29.9824794,-100.3049564
48141,El Paso County,+31.7684878,-106.2345559
48139,Ellis County,+32.3484009,-096.7946905
48143,Erath County,+32.2361088,-098.2178733
48145,Falls County,+31.2532255,-096.9359425
48147,Fannin County,+33.5937044,-096.1069560
48149,Fayette County,+29.8767312,-096.9199732
48151,Fisher County,+32.7427333,-100.4021685
48153,Floyd County,+34.0722966,-101.3032353
48155,Foard County,+33.9746176,-099.7778364
48157,Fort Bend County,+29.5275141,-095.7708664
48159,Franklin County,+33.1754058,-095.2184312
48161,Freestone County,+31.7048148,-096.1490536
48163,Frio County,+28.8677769,-099.1082662
48165,Gaines County,+32.7408004,-102.6351715
48167,Galveston County,+29.3800088,-094.8629005
48169,Garza County,+33.1797921,-101.2984290
48171,Gillespie County,+30.3181089,-098.9464810
48173,Glasscock County,+31.8693808,-101.5208030
48175,Goliad County,+28.6570383,-097.4265102
48177,Gonzales County,+29.4566212,-097.4927541
48179,Gray County,+35.4010745,-100.8125580
48181,Grayson County,+33.6267118,-096.6776355
48183,Gregg County,+32.4804446,-094.8169596
48185,Grimes County,+30.5432074,-095.9854475
48187,Guadalupe County,+29.5830134,-097.9486345
48189,Hale County,+34.0703796,-101.8268812
48191,Hall County,+34.5306905,-100.6811302
48193,Hamilton County,+31.7047218,-098.1108710
48195,Hansford County,+36.2773499,-101.3545392
48197,Hardeman County,+34.2902354,-099.7455237
48199,Hardin County,+30.3323489,-094.3902462
48201,Harris County,+29.8573332,-095.3920016
48203,Harrison County,+32.5481538,-094.3714380
48205,Hartley County,+35.8401038,-102.6028681
48207,Haskell County,+33.1781414,-099.7302978
48209,Hays County,+30.0578103,-098.0310450
48211,Hemphill County,+35.8374761,-100.2704730
48213,Henderson County,+32.2120190,-095.8535323
48215,Hidalgo County,+26.3965242,-098.1810538
48217,Hill County,+31.9906425,-097.1322167
48219,Hockley County,+33.6075562,-102.3431848
48221,Hood County,+32.4299180,-097.8322557
48223,Hopkins County,+33.1495231,-095.5640052
48225,Houston County,+31.3176239,-095.4228905
48227,Howard County,+32.3060850,-101.4355114
48229,Hudspeth County,+31.4553110,-105.3857766
48231,Hunt County,+33.1233955,-096.0855325
48233,Hutchinson County,+35.8399360,-101.3546999
48235,Irion County,+31.3038645,-100.9824216
48237,Jack County,+33.2333492,-098.1724507
48239,Jackson County,+28.9541412,-096.5775003
48241,Jasper County,+30.7433371,-094.0249347
48243,Jeff Davis County,+30.7156639,-104.1399643
48245,Jefferson County,+29.8535898,-094.1533526
48247,Jim Hogg County,+27.0432610,-098.6972860
48249,Jim Wells County,+27.7309179,-098.0900524
48251,Johnson County,+32.3789766,-097.3665962
48253,Jones County,+32.7398239,-099.8787416
48255,Karnes County,+28.9056521,-097.8594649
48257,Kaufman County,+32.5991597,-096.2877515
48259,Kendall County,+29.9446335,-098.7115626
48261,Kenedy County,+26.9278373,-097.6364452
48263,Kent County,+33.1813317,-100.7775686
48265,Kerr County,+30.0615711,-099.3499030
48267,Kimble County,+30.4868159,-099.7485974
48269,King County,+33.6163875,-100.2558475
48271,Kinney County,+29.3500984,-100.4179730
48273,Kleberg County,+27.4268535,-097.6683939
48275,Knox County,+33.6060545,-099.7413900
48283,La Salle County,+28.3449024,-099.0996759
48277,Lamar County,+33.6671749,-095.5711481
48279,Lamb County,+34.0684889,-102.3517082
48281,Lampasas County,+31.1962127,-098.2414097
48285,Lavaca County,+29.3842759,-096.9300707
48287,Lee County,+30.3106142,-096.9656155
48289,Leon County,+31.2964125,-095.9958804
48291,Liberty County,+30.1514640,-094.8120084
48293,Limestone County,+31.5453356,-096.5803599
48295,Lipscomb County,+36.2776155,-100.2731154
48297,Live Oak County,+28.3511164,-098.1246989
48299,Llano County,+30.7056914,-098.6840712
48301,Loving County,+31.8491918,-103.5797921
48303,Lubbock County,+33.6101192,-101.8205448
48305,Lynn County,+33.1767420,-101.8161278
48313,Madison County,+30.9655830,-095.9284766
48315,Marion County,+32.7980833,-094.3571974
48317,Martin County,+32.3059480,-101.9512207
48319,Mason County,+30.7176410,-099.2261174
48321,Matagorda County,+28.7854986,-096.0042314
48323,Maverick County,+28.7421437,-100.3142391
48307,McCulloch County,+31.1987276,-099.3474773
48309,McLennan County,+31.5523327,-097.2019149
48311,McMullen County,+28.3524884,-098.5678414
48325,Medina County,+29.3555880,-099.1101257
48327,Menard County,+30.8897821,-099.8205840
48329,Midland County,+31.8690789,-102.0316093
48331,Milam County,+30.7862144,-096.9769376
48333,Mills County,+31.4951633,-098.5954032
48335,Mitchell County,+32.3061262,-100.9212322
48337,Montague County,+33.6754778,-097.7246947
48339,Montgomery County,+30.3001869,-095.5028210
48341,Moore County,+35.8375941,-101.8929226
48343,Morris County,+33.1133350,-094.7326275
48345,Motley County,+34.0739682,-100.7798314
48347,Nacogdoches County,+31.6158766,-094.6156265
48349,Navarro County,+32.0469348,-096.4726004
48351,Newton County,+30.7856606,-093.7449422
48353,Nolan County,+32.3034029,-100.4060537
48355,Nueces County,+27.7351971,-097.5162239
48357,Ochiltree County,+36.2783114,-100.8156536
48359,Oldham County,+35.4051056,-102.6028784
48361,Orange County,+30.1212983,-093.8938494
48363,Palo Pinto County,+32.7530556,-098.3130539
48365,Panola County,+32.1623206,-094.3056865
48367,Parker County,+32.7775551,-097.8050978
48369,Parmer County,+34.5300207,-102.7845398
48371,Pecos County,+30.7809067,-102.7234063
48373,Polk County,+30.7925352,-094.8299647
48375,Potter County,+35.4011849,-101.8940068
48377,Presidio County,+29.9990539,-104.2396893
48379,Rains County,+32.8703254,-095.7933377
48381,Randall County,+34.9657700,-101.8969477
48383,Reagan County,+31.3659930,-101.5230121
48385,Real County,+29.8316387,-099.8221471
48387,Red River County,+33.6205414,-095.0502272
48389,Reeves County,+31.3227211,-103.6927327
48391,Refugio County,+28.3215627,-097.1596971
48393,Roberts County,+35.8383986,-100.8134442
48395,Robertson County,+31.0268740,-096.5129529
48397,Rockwall County,+32.8978391,-096.4078854
48399,Runnels County,+31.8309608,-099.9762318
48401,Rusk County,+32.1074748,-094.7618423
48403,Sabine County,+31.3431016,-093.8517727
48405,San Augustine County,+31.3940380,-094.1681708
48407,San Jacinto County,+30.5794184,-095.1667871
48409,San Patricio County,+28.0088796,-097.5181894
48411,San Saba County,+31.1550874,-098.8173970
48413,Schleicher County,+30.8975609,-100.5385533
48415,Scurry County,+32.7462279,-100.9164059
48417,Shackelford County,+32.7358835,-099.3540670
48419,Shelby County,+31.7924137,-094.1448795
48421,Sherman County,+36.2775624,-101.8934663
48423,Smith County,+32.3749424,-095.2690261
48425,Somervell County,+32.2222128,-097.7745934
48427,Starr County,+26.5621294,-098.7384538
48429,Stephens County,+32.7357774,-098.8361728
48431,Sterling County,+31.8277007,-101.0500337
48433,Stonewall County,+33.1790412,-100.2533038
48435,Sutton County,+30.4983743,-100.5381929
48437,Swisher County,+34.5302950,-101.7350259
48439,Tarrant County,+32.7718353,-097.2911316
48441,Taylor County,+32.3013880,-099.8901231
48443,Terrell County,+30.2246104,-102.0766568
48445,Terry County,+33.1737316,-102.3351975
48447,Throckmorton County,+33.1773997,-099.2123671
48449,Titus County,+33.2165246,-094.9656567
48451,Tom Green County,+31.4042638,-100.4618433
48453,Travis County,+30.3343599,-097.7818171
48455,Trinity County,+31.0887494,-095.1357275
48457,Tyler County,+30.7710932,-094.3764471
48459,Upshur County,+32.7362324,-094.9415316
48461,Upton County,+31.3685454,-102.0430225
48463,Uvalde County,+29.3572603,-099.7622112
48465,Val Verde County,+29.8926676,-101.1511688
48467,Van Zandt County,+32.5636239,-095.8363998
48469,Victoria County,+28.7962401,-096.9715192
48471,Walker County,+30.7389650,-095.5722749
48473,Waller County,+30.0106049,-095.9876222
48475,Ward County,+31.5095632,-103.1023092
48477,Washington County,+30.2145751,-096.4035004
48479,Webb County,+27.7608783,-099.3308239
48481,Wharton County,+29.2777605,-096.2222023
48483,Wheeler County,+35.4011867,-100.2696463
48485,Wichita County,+33.9879956,-098.7035022
48487,Wilbarger County,+34.0805472,-099.2409120
48489,Willacy County,+26.4770723,-097.5916647
48491,Williamson County,+30.6475670,-097.6002229
48493,Wilson County,+29.1739593,-098.0866879
48495,Winkler County,+31.8499901,-103.0482297
48497,Wise County,+33.2158153,-097.6544649
48499,Wood County,+32.7863610,-095.3819963
48501,Yoakum County,+33.1728767,-102.8277995
48503,Young County,+33.1766098,-098.6877651
48505,Zapata County,+27.0005706,-099.1685002
48507,Zavala County,+28.8662091,-099.7605934
