nct_id,title,study_status,study_type,phase,facility,facility_status,city,state,zip_code,latitude,longitude
NCT06112418,A Randomized Comparison of Stage-Based Care Versus Risk Factor-Based Care for Prevention of Cardiovascular Events,RECRUITING,INTERVENTIONAL,NA,Hendrick Health,RECRUITING,Abilene,Texas,79601,32.44874,-99.73314
NCT05572814,"Transform: Teaching, Technology, and Teams",UNKNOWN,INTERVENTIONAL,NA,Cardiology Center of Amarillo,RECRUITING,Amarillo,Texas,79106,35.222,-101.8313
NCT07400653,A Study to Learn About the Study Medicine (PF-08653944) in People With Obesity or Overweight and Type 2 Diabetes (T2D),RECRUITING,INTERVENTIONAL,PHASE3,Amarillo Medical Specialists LLP,RECRUITING,Amarillo,Texas,79124,35.222,-101.8313
NCT07564414,A Research Study to Look at How Two Different Doses of CagriSema and One Dose of Semaglutide Help People Living With Obesity With or Without Type 2 Diabetes Lose Weight,RECRUITING,INTERVENTIONAL,PHASE3,Amarillo Med Spec LLP,RECRUITING,Amarillo,Texas,79124,35.222,-101.8313
NCT07271186,Study to Assess the Effects of Angiopoietin-like Protein 3 (ANGPTL3) Inhibition in Adult Participants With Diabetic Kidney Disease,RECRUITING,INTERVENTIONAL,PHASE2,"Arlington Nephrology, PLLC.",RECRUITING,Arlington,Texas,76015,32.73569,-97.10807
NCT05267626,"Study of AU-007, A Monoclonal Antibody That Binds to IL-2 and Inhibits IL-2Rα Binding, in Patients With Unresectable Locally Advanced or Metastatic Cancer",RECRUITING,INTERVENTIONAL,"PHASE1, PHASE2",Texas Oncology (Balcones) - SCRI,RECRUITING,Austin,Texas,78731-4214,30.26715,-97.74306
NCT06267391,Safety and Effectiveness of Endoscopic Intestinal Re-Cellularization Therapy in Individuals With Type II Diabetes,RECRUITING,INTERVENTIONAL,NA,Velocity Clinical Research - Austin,RECRUITING,Austin,Texas,78613,30.26715,-97.74306
NCT06267391,Safety and Effectiveness of Endoscopic Intestinal Re-Cellularization Therapy in Individuals With Type II Diabetes,RECRUITING,INTERVENTIONAL,NA,Dell Medical School,RECRUITING,Austin,Texas,78712,30.26715,-97.74306
NCT06267391,Safety and Effectiveness of Endoscopic Intestinal Re-Cellularization Therapy in Individuals With Type II Diabetes,RECRUITING,INTERVENTIONAL,NA,IMA Clinical Research - Austin,RECRUITING,Austin,Texas,78745,30.26715,-97.74306
NCT06481904,Registry for Stage 2 Type 1 Diabetes,RECRUITING,OBSERVATIONAL,,Texas Diabetes & Endocrinology - Austin - North Mopac Expressway- Site Number : 8400040,RECRUITING,Austin,Texas,78731,30.26715,-97.74306
NCT06544876,Balance Control and Recovery in Diabetes Peripheral Neuropathy,RECRUITING,INTERVENTIONAL,NA,The University of Texas at Austin,RECRUITING,Austin,Texas,78712,30.26715,-97.74306
NCT07064473,"EASi-PROTKT™ - A Study to Test Vicadrostat (BI 690517) Taken Together With Empagliflozin in People With Type 2 Diabetes, High Blood Pressure, and Cardiovascular Disease",RECRUITING,INTERVENTIONAL,PHASE3,Pinnacle Clinical Research - Austin,RECRUITING,Austin,Texas,78757,30.26715,-97.74306
NCT07228117,GATEWAY: Safety Evaluation of the MiniMed™ NMX8-AID System in Children and Adults Living With Diabetes,RECRUITING,INTERVENTIONAL,NA,Texas Diabetes & Endocrinology,RECRUITING,Austin,Texas,78731,30.26715,-97.74306
NCT07282600,"A Study of Eloralintide (LY3841136) in Participants With Obesity or Overweight, and Type 2 Diabetes",RECRUITING,INTERVENTIONAL,PHASE3,IMA Clinical Research Austin,RECRUITING,Austin,Texas,78745,30.26715,-97.74306
NCT07296484,Trial Against INtractable Type 2 Diabetes (CAPTAIN-T2D),RECRUITING,INTERVENTIONAL,PHASE2,"Velocity Clinical Research, Austin",RECRUITING,Austin,Texas,78759,30.26715,-97.74306
NCT07400653,A Study to Learn About the Study Medicine (PF-08653944) in People With Obesity or Overweight and Type 2 Diabetes (T2D),RECRUITING,INTERVENTIONAL,PHASE3,Forum Austin (Civia Health),RECRUITING,Austin,Texas,78578,30.26715,-97.74306
NCT07502495,Phase 2 Trial of Icovamenib in Participants With Type 2 Diabetes Who Are Not Achieving Glycemic Targets,RECRUITING,INTERVENTIONAL,PHASE2,"Elligo Health Research, Inc.",RECRUITING,Austin,Texas,78704,30.26715,-97.74306
NCT07502508,Phase 2 Trial of Icovamenib in Participants With Type 2 Diabetes Mellitus Who Are Not Achieving Glycemic Targets While Using GLP-1-Based Therapy,RECRUITING,INTERVENTIONAL,PHASE2,"Elligo Health Research, Inc.",RECRUITING,Austin,Texas,78704,30.26715,-97.74306
NCT07521475,Evaluation of the Fully Closed Loop Omnipod® System in Type 2 Diabetes,RECRUITING,INTERVENTIONAL,NA,Texas Diabetes and Endocrinology,RECRUITING,Austin,Texas,78749,30.26715,-97.74306
NCT07564414,A Research Study to Look at How Two Different Doses of CagriSema and One Dose of Semaglutide Help People Living With Obesity With or Without Type 2 Diabetes Lose Weight,RECRUITING,INTERVENTIONAL,PHASE3,"Texas Diab & Endo, P.A.",RECRUITING,Austin,Texas,78731,30.26715,-97.74306
NCT07564414,A Research Study to Look at How Two Different Doses of CagriSema and One Dose of Semaglutide Help People Living With Obesity With or Without Type 2 Diabetes Lose Weight,RECRUITING,INTERVENTIONAL,PHASE3,Velocity Clinical Research Austin,RECRUITING,Austin,Texas,78759,30.26715,-97.74306
NCT07589608,"A Study to Investigate Weight Management With Macupatide and Eloralintide, Alone or in Combination, in Adult Participants With Obesity or Overweight",RECRUITING,INTERVENTIONAL,PHASE2,IMA Clinical Research Austin,RECRUITING,Austin,Texas,78745,30.26715,-97.74306
NCT07599982,"Safety Evaluation of MODI, an Insulin Titration Algorithm, in Adults With Diabetes",RECRUITING,INTERVENTIONAL,NA,Texas Diabetes & Endocrinology,RECRUITING,Austin,Texas,78731,30.26715,-97.74306
NCT07668388,A Research Study Comparing How Well Different Doses of the Medicine UBT251 Lower Blood Sugar in People With Type 2 Diabetes,RECRUITING,INTERVENTIONAL,PHASE2,IMA Clinical Research,RECRUITING,Austin,Texas,78745,30.26715,-97.74306
NCT06112418,A Randomized Comparison of Stage-Based Care Versus Risk Factor-Based Care for Prevention of Cardiovascular Events,RECRUITING,INTERVENTIONAL,NA,Gadolin Research,RECRUITING,Beaumont,Texas,77702,30.08605,-94.10185
NCT06267391,Safety and Effectiveness of Endoscopic Intestinal Re-Cellularization Therapy in Individuals With Type II Diabetes,RECRUITING,INTERVENTIONAL,NA,The University of Texas Health Science Center at Houston,RECRUITING,Bellaire,Texas,77401,29.70579,-95.45883
NCT07321886,"A Study of Eloralintide (LY3841136) in Participants With Obesity, or Overweight Without Type 2 Diabetes",RECRUITING,INTERVENTIONAL,PHASE3,The University of Texas Health Science Center at Houston,RECRUITING,Bellaire,Texas,77401,29.70579,-95.45883
NCT07351045,A Clinical Study to Evaluate the Effects of Enicepatide (RO7795068) in Participants With Obesity or Overweight Without Type 2 Diabetes,RECRUITING,INTERVENTIONAL,PHASE3,"Bellaire Clinical Research, LLC",RECRUITING,Bellaire,Texas,77401,29.70579,-95.45883
NCT07064473,"EASi-PROTKT™ - A Study to Test Vicadrostat (BI 690517) Taken Together With Empagliflozin in People With Type 2 Diabetes, High Blood Pressure, and Cardiovascular Disease",RECRUITING,INTERVENTIONAL,PHASE3,South Texas Research Institute - Brownsville,RECRUITING,Brownsville,Texas,78520,25.90175,-97.49748
NCT07064473,"EASi-PROTKT™ - A Study to Test Vicadrostat (BI 690517) Taken Together With Empagliflozin in People With Type 2 Diabetes, High Blood Pressure, and Cardiovascular Disease",RECRUITING,INTERVENTIONAL,PHASE3,Headlands Research - Brownsville,RECRUITING,Brownsville,Texas,78526,25.90175,-97.49748
NCT07351045,A Clinical Study to Evaluate the Effects of Enicepatide (RO7795068) in Participants With Obesity or Overweight Without Type 2 Diabetes,RECRUITING,INTERVENTIONAL,PHASE3,South Texas Research Institute - Brownsville,RECRUITING,Brownsville,Texas,78520,25.90175,-97.49748
NCT06028503,ACT Intervention for Type 2 Diabetes Management for Rural and Underserved Community,RECRUITING,INTERVENTIONAL,NA,Sam Houston State University College of Osteopathic Medicine,RECRUITING,Conroe,Texas,77304,30.31188,-95.45605
NCT06810726,"Evaluate Use of Tropocells(R) Autologous Platelet-rich Fibrin (PRF) for Wagner Grade 1 and Grade 2, Mild to Mod Neuroischemic Plantar Diabetic Foot Ulcer Wound Care.",RECRUITING,INTERVENTIONAL,PHASE2,WoundCentrics Wound Care & Hyperbarics -Corpus Christi - Shoreline,RECRUITING,Corpus Christi,Texas,78404,27.80058,-97.39638
NCT06810726,"Evaluate Use of Tropocells(R) Autologous Platelet-rich Fibrin (PRF) for Wagner Grade 1 and Grade 2, Mild to Mod Neuroischemic Plantar Diabetic Foot Ulcer Wound Care.",RECRUITING,INTERVENTIONAL,PHASE2,Woundcentrics Wound Care Center At Corpus Christi South,RECRUITING,Corpus Christi,Texas,78414,27.80058,-97.39638
NCT07282600,"A Study of Eloralintide (LY3841136) in Participants With Obesity or Overweight, and Type 2 Diabetes",RECRUITING,INTERVENTIONAL,PHASE3,Private Practice - Dr. Osvaldo A. Brusco,RECRUITING,Corpus Christi,Texas,78414,27.80058,-97.39638
NCT07351045,A Clinical Study to Evaluate the Effects of Enicepatide (RO7795068) in Participants With Obesity or Overweight Without Type 2 Diabetes,RECRUITING,INTERVENTIONAL,PHASE3,South Texas Clinical Research,RECRUITING,Corpus Christi,Texas,78404,27.80058,-97.39638
NCT05099770,Proact: A Study of REACT in Subjects With Type 2 Diabetes Mellitus and Chronic Kidney Disease,RECRUITING,INTERVENTIONAL,PHASE3,"Pioneer Research Solutions, Inc.",RECRUITING,Cypress,Texas,77429,29.96911,-95.69717
NCT04786262,"A Safety, Tolerability, and Efficacy Study of VX-880 in Participants With Type 1 Diabetes",RECRUITING,INTERVENTIONAL,PHASE3,Baylor Scott and White Research Institute,RECRUITING,Dallas,Texas,75246,32.78306,-96.80667
NCT05161429,BESTMED: Observational Evaluation of Second Line Therapy Medications in Diabetes,UNKNOWN,OBSERVATIONAL,,Baylor Scott & White,RECRUITING,Dallas,Texas,75246,32.78306,-96.80667
NCT05168605,Assessing the Efficacy of Targeted Home Visits in the Management of Chronic Conditions,RECRUITING,INTERVENTIONAL,NA,UT Southwestern Medical Center,RECRUITING,Dallas,Texas,75390,32.78306,-96.80667
NCT06143566,Polypill for Prevention of Cardiomyopathy,RECRUITING,INTERVENTIONAL,"PHASE1, PHASE2",UT Southwestern Medical Center,RECRUITING,Dallas,Texas,75235,32.78306,-96.80667
NCT06267391,Safety and Effectiveness of Endoscopic Intestinal Re-Cellularization Therapy in Individuals With Type II Diabetes,RECRUITING,INTERVENTIONAL,NA,"Velocity Clinical Research, Dallas",RECRUITING,Dallas,Texas,75230,32.78306,-96.80667
NCT06267391,Safety and Effectiveness of Endoscopic Intestinal Re-Cellularization Therapy in Individuals With Type II Diabetes,RECRUITING,INTERVENTIONAL,NA,Southwest Medical Center,RECRUITING,Dallas,Texas,75235,32.78306,-96.80667
NCT06267391,Safety and Effectiveness of Endoscopic Intestinal Re-Cellularization Therapy in Individuals With Type II Diabetes,RECRUITING,INTERVENTIONAL,NA,University of Texas Southwestern Medical School - William P. Clements Jr. University Hospital,RECRUITING,Dallas,Texas,75235,32.78306,-96.80667
NCT06481904,Registry for Stage 2 Type 1 Diabetes,RECRUITING,OBSERVATIONAL,,University of Texas - Southwestern Medical Center- Site Number : 8400003,RECRUITING,Dallas,Texas,75390,32.78306,-96.80667
NCT06593314,Using Ultromics EchoGo HFpEF Algorithm to Identify and Treat High Heart Failure Risk in Patients With Type 2 Diabetes,RECRUITING,INTERVENTIONAL,NA,UT Southwestern Medical Center,RECRUITING,Dallas,Texas,75235,32.78306,-96.80667
NCT06593327,NT-ProBNP-based Heart Failure Screening and Prevention Trial in Patients With Type 2 Diabetes: STRONG-DM Study,RECRUITING,INTERVENTIONAL,NA,University of Texas Southwestern Medical Center,RECRUITING,Dallas,Texas,75209,32.78306,-96.80667
NCT06739122,A Study of Dulaglutide (LY2189265) 3.0 mg and 4.5 mg in Pediatric Participants With Type 2 Diabetes Mellitus (AWARD-PEDS PLUS),RECRUITING,INTERVENTIONAL,PHASE3,Research Institute of Dallas,RECRUITING,Dallas,Texas,75231,32.78306,-96.80667
NCT07064473,"EASi-PROTKT™ - A Study to Test Vicadrostat (BI 690517) Taken Together With Empagliflozin in People With Type 2 Diabetes, High Blood Pressure, and Cardiovascular Disease",RECRUITING,INTERVENTIONAL,PHASE3,Soltero Cardiovascular Research Center,RECRUITING,Dallas,Texas,75226,32.78306,-96.80667
NCT07064473,"EASi-PROTKT™ - A Study to Test Vicadrostat (BI 690517) Taken Together With Empagliflozin in People With Type 2 Diabetes, High Blood Pressure, and Cardiovascular Disease",RECRUITING,INTERVENTIONAL,PHASE3,"Javara Inc / Texas Health Care, PLLC",RECRUITING,Dallas,Texas,75230,32.78306,-96.80667
NCT07064473,"EASi-PROTKT™ - A Study to Test Vicadrostat (BI 690517) Taken Together With Empagliflozin in People With Type 2 Diabetes, High Blood Pressure, and Cardiovascular Disease",RECRUITING,INTERVENTIONAL,PHASE3,North Texas Endocrine Center,RECRUITING,Dallas,Texas,75231,32.78306,-96.80667
NCT07064473,"EASi-PROTKT™ - A Study to Test Vicadrostat (BI 690517) Taken Together With Empagliflozin in People With Type 2 Diabetes, High Blood Pressure, and Cardiovascular Disease",RECRUITING,INTERVENTIONAL,PHASE3,Southwest Family Medicine Associates,RECRUITING,Dallas,Texas,75235,32.78306,-96.80667
NCT07064473,"EASi-PROTKT™ - A Study to Test Vicadrostat (BI 690517) Taken Together With Empagliflozin in People With Type 2 Diabetes, High Blood Pressure, and Cardiovascular Disease",RECRUITING,INTERVENTIONAL,PHASE3,University of Texas Southwestern Medical Center,RECRUITING,Dallas,Texas,75390,32.78306,-96.80667
NCT07215559,"A Study of Macupatide (LY3532226) and Eloralintide (LY3841136), Alone or in Combination, in Adults With Obesity or Overweight and With Type 2 Diabetes",RECRUITING,INTERVENTIONAL,PHASE2,Mercy Family Clinic,RECRUITING,Dallas,Texas,75208,32.78306,-96.80667
NCT07215559,"A Study of Macupatide (LY3532226) and Eloralintide (LY3841136), Alone or in Combination, in Adults With Obesity or Overweight and With Type 2 Diabetes",RECRUITING,INTERVENTIONAL,PHASE2,"Velocity Clinical Research, Dallas",RECRUITING,Dallas,Texas,75230,32.78306,-96.80667
NCT07271186,Study to Assess the Effects of Angiopoietin-like Protein 3 (ANGPTL3) Inhibition in Adult Participants With Diabetic Kidney Disease,RECRUITING,INTERVENTIONAL,PHASE2,M3 Wake Research Dallas - Internal Medicine,RECRUITING,Dallas,Texas,75224,32.78306,-96.80667
NCT07271186,Study to Assess the Effects of Angiopoietin-like Protein 3 (ANGPTL3) Inhibition in Adult Participants With Diabetic Kidney Disease,RECRUITING,INTERVENTIONAL,PHASE2,"Revival Research Institute, LLC",RECRUITING,Dallas,Texas,75231,32.78306,-96.80667
NCT07282600,"A Study of Eloralintide (LY3841136) in Participants With Obesity or Overweight, and Type 2 Diabetes",RECRUITING,INTERVENTIONAL,PHASE3,"Velocity Clinical Research, Dallas",RECRUITING,Dallas,Texas,75230,32.78306,-96.80667
NCT07296484,Trial Against INtractable Type 2 Diabetes (CAPTAIN-T2D),RECRUITING,INTERVENTIONAL,PHASE2,Velocity Clinical Research - Dallas,RECRUITING,Dallas,Texas,75230,32.78306,-96.80667
NCT07321886,"A Study of Eloralintide (LY3841136) in Participants With Obesity, or Overweight Without Type 2 Diabetes",RECRUITING,INTERVENTIONAL,PHASE3,"Velocity Clinical Research, Dallas",RECRUITING,Dallas,Texas,75230,32.78306,-96.80667
NCT07321886,"A Study of Eloralintide (LY3841136) in Participants With Obesity, or Overweight Without Type 2 Diabetes",RECRUITING,INTERVENTIONAL,PHASE3,UT Southwestern Medical Center,RECRUITING,Dallas,Texas,75390-9302,32.78306,-96.80667
NCT07340320,A Study of CX11 Tablets in Patients With Type 2 Diabetes Mellitus,RECRUITING,INTERVENTIONAL,PHASE2,M3 Wake Research - Dallas,RECRUITING,Dallas,Texas,75246,32.78306,-96.80667
NCT07340320,A Study of CX11 Tablets in Patients With Type 2 Diabetes Mellitus,RECRUITING,INTERVENTIONAL,PHASE2,University of Texas Southwestern Medical Center,NOT_YET_RECRUITING,Dallas,Texas,75390-7202,32.78306,-96.80667
NCT07351045,A Clinical Study to Evaluate the Effects of Enicepatide (RO7795068) in Participants With Obesity or Overweight Without Type 2 Diabetes,RECRUITING,INTERVENTIONAL,PHASE3,University of Texas Southwestern Medical Center - Children's Medical Center Dallas,RECRUITING,Dallas,Texas,75390,32.78306,-96.80667
NCT07351058,A Clinical Study to Evaluate the Effects of Enicepatide (RO7795068) in Participants With Obesity or Overweight and Type 2 Diabetes,RECRUITING,INTERVENTIONAL,PHASE3,Velocity Clinical Research,RECRUITING,Dallas,Texas,75230,32.78306,-96.80667
NCT07392190,A Study of Eloralintide (LY3841136) in Participants With Persistent Obesity Who Are Treated With a Weekly Incretin,RECRUITING,INTERVENTIONAL,PHASE3,UT Southwestern Medical Center,RECRUITING,Dallas,Texas,75390,32.78306,-96.80667
NCT07415954,A Research Study Comparing How Well Different Doses of the Medicine NNC0662-0419 Lower Blood Sugar in People With Type 2 Diabetes,RECRUITING,INTERVENTIONAL,PHASE2,University of Texas Southwestern Medical Center,RECRUITING,Dallas,Texas,75390-9302,32.78306,-96.80667
NCT07502495,Phase 2 Trial of Icovamenib in Participants With Type 2 Diabetes Who Are Not Achieving Glycemic Targets,RECRUITING,INTERVENTIONAL,PHASE2,Zenos Clinical Research,RECRUITING,Dallas,Texas,75230,32.78306,-96.80667
NCT07502508,Phase 2 Trial of Icovamenib in Participants With Type 2 Diabetes Mellitus Who Are Not Achieving Glycemic Targets While Using GLP-1-Based Therapy,RECRUITING,INTERVENTIONAL,PHASE2,Zenos Clinical Research,RECRUITING,Dallas,Texas,75230,32.78306,-96.80667
NCT07533175,AMAZE 2: A Research Study Investigating How Well the Medicine NNC0487-0111 Helps People With Excess Body Weight and Type 2 Diabetes Lose Weight,RECRUITING,INTERVENTIONAL,PHASE3,UT Southwestern Med Center,RECRUITING,Dallas,Texas,75390,32.78306,-96.80667
NCT07546929,HP-211 Safety and Proof of Concept Dose Ranging Study in Patients With Type 2 Diabetes,RECRUITING,INTERVENTIONAL,PHASE2,Velocity Clinical Research Dallas,RECRUITING,Dallas,Texas,75230,32.78306,-96.80667
NCT07564414,A Research Study to Look at How Two Different Doses of CagriSema and One Dose of Semaglutide Help People Living With Obesity With or Without Type 2 Diabetes Lose Weight,RECRUITING,INTERVENTIONAL,PHASE3,"Velocity Clin Res, Dallas",RECRUITING,Dallas,Texas,75230,32.78306,-96.80667
NCT07564414,A Research Study to Look at How Two Different Doses of CagriSema and One Dose of Semaglutide Help People Living With Obesity With or Without Type 2 Diabetes Lose Weight,RECRUITING,INTERVENTIONAL,PHASE3,North Texas Endocrine Center,RECRUITING,Dallas,Texas,75231,32.78306,-96.80667
NCT07589608,"A Study to Investigate Weight Management With Macupatide and Eloralintide, Alone or in Combination, in Adult Participants With Obesity or Overweight",RECRUITING,INTERVENTIONAL,PHASE2,FutureSearch Trials of Dallas,RECRUITING,Dallas,Texas,75251,32.78306,-96.80667
NCT07662109,A Phase III Study to Investigate the Efficacy and Safety of the Combination of Elecoglipron and Dapagliflozin in Adults With Type 2 Diabetes Mellitus,RECRUITING,INTERVENTIONAL,PHASE3,Research Site,NOT_YET_RECRUITING,Dallas,Texas,75230,32.78306,-96.80667
NCT07662213,"A Study to Find Out if the Study Drug Elecoglipron Helps Adults With Type 2 Diabetes Mellitus by Comparing it With Semaglutide, a Medicine Already Used to Treat Type 2 Diabetes Mellitus",RECRUITING,INTERVENTIONAL,PHASE3,Research Site,NOT_YET_RECRUITING,Dallas,Texas,75390,32.78306,-96.80667
NCT07667803,A Master Protocol to Investigate Efficacy and Safety of Elecoglipron in Participants With Obesity or Overweight With or Without T2DM,RECRUITING,INTERVENTIONAL,PHASE3,Research Site,NOT_YET_RECRUITING,Dallas,Texas,75254,32.78306,-96.80667
NCT06267391,Safety and Effectiveness of Endoscopic Intestinal Re-Cellularization Therapy in Individuals With Type II Diabetes,RECRUITING,INTERVENTIONAL,NA,Epic Medical Research,RECRUITING,DeSoto,Texas,75115,32.58986,-96.85695
NCT07271186,Study to Assess the Effects of Angiopoietin-like Protein 3 (ANGPTL3) Inhibition in Adult Participants With Diabetic Kidney Disease,RECRUITING,INTERVENTIONAL,PHASE2,Epic Medical Research LLC,RECRUITING,DeSoto,Texas,75115,32.58986,-96.85695
NCT07228117,GATEWAY: Safety Evaluation of the MiniMed™ NMX8-AID System in Children and Adults Living With Diabetes,RECRUITING,INTERVENTIONAL,NA,Revival Research Institute,RECRUITING,Denton,Texas,76210,33.21484,-97.13307
NCT07064473,"EASi-PROTKT™ - A Study to Test Vicadrostat (BI 690517) Taken Together With Empagliflozin in People With Type 2 Diabetes, High Blood Pressure, and Cardiovascular Disease",RECRUITING,INTERVENTIONAL,PHASE3,South Texas Research Institute-Edinburg-67012,NOT_YET_RECRUITING,Edinburg,Texas,78539,26.30174,-98.16334
NCT07351058,A Clinical Study to Evaluate the Effects of Enicepatide (RO7795068) in Participants With Obesity or Overweight and Type 2 Diabetes,RECRUITING,INTERVENTIONAL,PHASE3,South Texas Research Institute - Edinburg,RECRUITING,Edinburg,Texas,78539,26.30174,-98.16334
NCT05846802,Gastroparesis Registry 4,RECRUITING,OBSERVATIONAL,,Texas Tech University Health Science Center (TTUHSC),RECRUITING,El Paso,Texas,79905,31.75872,-106.48693
NCT07064473,"EASi-PROTKT™ - A Study to Test Vicadrostat (BI 690517) Taken Together With Empagliflozin in People With Type 2 Diabetes, High Blood Pressure, and Cardiovascular Disease",RECRUITING,INTERVENTIONAL,PHASE3,"Academy Of Diabetes, Thyroid And Endocrine, PA",NOT_YET_RECRUITING,El Paso,Texas,79935,31.75872,-106.48693
NCT07271186,Study to Assess the Effects of Angiopoietin-like Protein 3 (ANGPTL3) Inhibition in Adult Participants With Diabetic Kidney Disease,RECRUITING,INTERVENTIONAL,PHASE2,El Paso Kidney Specialists-Davita Clinical Research,RECRUITING,El Paso,Texas,79902,31.75872,-106.48693
NCT07400653,A Study to Learn About the Study Medicine (PF-08653944) in People With Obesity or Overweight and Type 2 Diabetes (T2D),RECRUITING,INTERVENTIONAL,PHASE3,GLRI El Paso Research,RECRUITING,El Paso,Texas,79936,31.75872,-106.48693
NCT07564414,A Research Study to Look at How Two Different Doses of CagriSema and One Dose of Semaglutide Help People Living With Obesity With or Without Type 2 Diabetes Lose Weight,RECRUITING,INTERVENTIONAL,PHASE3,Cedar Health Research,RECRUITING,Euless,Texas,76040,32.83707,-97.08195
NCT07064473,"EASi-PROTKT™ - A Study to Test Vicadrostat (BI 690517) Taken Together With Empagliflozin in People With Type 2 Diabetes, High Blood Pressure, and Cardiovascular Disease",RECRUITING,INTERVENTIONAL,PHASE3,Care United Research,RECRUITING,Forney,Texas,75126,32.74818,-96.47193
NCT06481904,Registry for Stage 2 Type 1 Diabetes,RECRUITING,OBSERVATIONAL,,Cook Children's- Site Number : 8400038,RECRUITING,Fort Worth,Texas,76104,32.72541,-97.32085
NCT07064473,"EASi-PROTKT™ - A Study to Test Vicadrostat (BI 690517) Taken Together With Empagliflozin in People With Type 2 Diabetes, High Blood Pressure, and Cardiovascular Disease",RECRUITING,INTERVENTIONAL,PHASE3,Texas Health Physicians Group,RECRUITING,Fort Worth,Texas,76107,32.72541,-97.32085
NCT07064473,"EASi-PROTKT™ - A Study to Test Vicadrostat (BI 690517) Taken Together With Empagliflozin in People With Type 2 Diabetes, High Blood Pressure, and Cardiovascular Disease",RECRUITING,INTERVENTIONAL,PHASE3,Diabetes and Thyroid Center of Fort Worth,RECRUITING,Fort Worth,Texas,76132,32.72541,-97.32085
NCT07282600,"A Study of Eloralintide (LY3841136) in Participants With Obesity or Overweight, and Type 2 Diabetes",RECRUITING,INTERVENTIONAL,PHASE3,Diabetes and Thyroid Center of Ft. Worth,RECRUITING,Fort Worth,Texas,76132,32.72541,-97.32085
NCT06080425,Promoting Intergenerational Health in Rural Kentuckians With Diabetes (PIHRK'D),RECRUITING,INTERVENTIONAL,NA,"University of Texas Medical Branch, Galveston",RECRUITING,Galveston,Texas,77566,29.30135,-94.7977
NCT06959277,Balance4Mobility: Effects of Walkasins Use in Individuals With Peripheral Neuropathy and Balance Problems,RECRUITING,INTERVENTIONAL,NA,University of Texas Medical Branch,RECRUITING,Galveston,Texas,77555,29.30135,-94.7977
NCT07416799,Feasibility and Adherence to a Technology-assisted Home-based Strength Training Program in Adults With Type 2 Diabetes Mellitus and Mild Cognitive Impairment,RECRUITING,INTERVENTIONAL,NA,"University of Texas Medical Branch, Galveston",RECRUITING,Galveston,Texas,77555-0133,29.30135,-94.7977
NCT06112418,A Randomized Comparison of Stage-Based Care Versus Risk Factor-Based Care for Prevention of Cardiovascular Events,RECRUITING,INTERVENTIONAL,NA,"CardioVoyage, LLC",RECRUITING,Greenville,Texas,75402,33.13845,-96.11081
NCT04101669,RESET System Pivotal Trial (Rev F),RECRUITING,INTERVENTIONAL,NA,Baylor College of Medicine,RECRUITING,Houston,Texas,77030,29.76328,-95.36327
NCT05099770,Proact: A Study of REACT in Subjects With Type 2 Diabetes Mellitus and Chronic Kidney Disease,RECRUITING,INTERVENTIONAL,PHASE3,Plaza Nephrology,RECRUITING,Houston,Texas,77004,29.76328,-95.36327
NCT05099770,Proact: A Study of REACT in Subjects With Type 2 Diabetes Mellitus and Chronic Kidney Disease,RECRUITING,INTERVENTIONAL,PHASE3,Prolato Clinical Research Center,RECRUITING,Houston,Texas,77054,29.76328,-95.36327
NCT05099770,Proact: A Study of REACT in Subjects With Type 2 Diabetes Mellitus and Chronic Kidney Disease,RECRUITING,INTERVENTIONAL,PHASE3,"Clinical Research Strategies, Inc",RECRUITING,Houston,Texas,77090,29.76328,-95.36327
NCT05099770,Proact: A Study of REACT in Subjects With Type 2 Diabetes Mellitus and Chronic Kidney Disease,RECRUITING,INTERVENTIONAL,PHASE3,United Memorial Medical Center,RECRUITING,Houston,Texas,77091,29.76328,-95.36327
NCT05142189,"Clinical Trial Evaluating the Safety, Tolerability and Preliminary Efficacy of BNT116 Alone and in Combinations in Patients With Advanced Non-small Cell Lung Cancer",RECRUITING,INTERVENTIONAL,PHASE1,MD Anderson Cancer Center,RECRUITING,Houston,Texas,77030,29.76328,-95.36327
NCT05267626,"Study of AU-007, A Monoclonal Antibody That Binds to IL-2 and Inhibits IL-2Rα Binding, in Patients With Unresectable Locally Advanced or Metastatic Cancer",RECRUITING,INTERVENTIONAL,"PHASE1, PHASE2",MD Anderson Cancer Center,RECRUITING,Houston,Texas,77030-4000,29.76328,-95.36327
NCT05477134,Arginine Metabolism in Youth With Type 2 Diabetes,RECRUITING,INTERVENTIONAL,NA,Texas Children's Hospital / Baylor College of Medicine,RECRUITING,Houston,Texas,77030,29.76328,-95.36327
NCT05950282,"Determinants of Insulin Sensitivity by Age, Sex, Race/Ethnicity, BMI, and PCOS Diagnosis",RECRUITING,OBSERVATIONAL,,Lilli Health,RECRUITING,Houston,Texas,77554,29.76328,-95.36327
NCT06112418,A Randomized Comparison of Stage-Based Care Versus Risk Factor-Based Care for Prevention of Cardiovascular Events,RECRUITING,INTERVENTIONAL,NA,Helium Research Group,RECRUITING,Houston,Texas,77004,29.76328,-95.36327
NCT06112418,A Randomized Comparison of Stage-Based Care Versus Risk Factor-Based Care for Prevention of Cardiovascular Events,RECRUITING,INTERVENTIONAL,NA,Kelsey Research Foundation,RECRUITING,Houston,Texas,77025,29.76328,-95.36327
NCT06112418,A Randomized Comparison of Stage-Based Care Versus Risk Factor-Based Care for Prevention of Cardiovascular Events,RECRUITING,INTERVENTIONAL,NA,"The Methodist Hospital, DeBakey Cardiology Associates",RECRUITING,Houston,Texas,77030,29.76328,-95.36327
NCT06112418,A Randomized Comparison of Stage-Based Care Versus Risk Factor-Based Care for Prevention of Cardiovascular Events,RECRUITING,INTERVENTIONAL,NA,"Gulf Coast Clinical Research, LLC",RECRUITING,Houston,Texas,77070,29.76328,-95.36327
NCT06267391,Safety and Effectiveness of Endoscopic Intestinal Re-Cellularization Therapy in Individuals With Type II Diabetes,RECRUITING,INTERVENTIONAL,NA,Houston Methodist Research Institute,RECRUITING,Houston,Texas,77030,29.76328,-95.36327
NCT06267391,Safety and Effectiveness of Endoscopic Intestinal Re-Cellularization Therapy in Individuals With Type II Diabetes,RECRUITING,INTERVENTIONAL,NA,"Juno Research, LLC",RECRUITING,Houston,Texas,77054,29.76328,-95.36327
NCT06451757,KHENERFIN Study: A Trial to Evaluate the Efficacy and Safety of Sonlicromanol in Primary Mitochondrial Diseases,RECRUITING,INTERVENTIONAL,PHASE3,The University of Texas Health Science Center at Houston,RECRUITING,Houston,Texas,77030,29.76328,-95.36327
NCT06481904,Registry for Stage 2 Type 1 Diabetes,RECRUITING,OBSERVATIONAL,,Texas Children's Hospital- Site Number : 8400002,RECRUITING,Houston,Texas,77030,29.76328,-95.36327
NCT06525259,DISCOVERY of Risk Factors for Type 2 Diabetes in Youth,RECRUITING,OBSERVATIONAL,,Baylor College of Medicine / Texas Children's,RECRUITING,Houston,Texas,77030,29.76328,-95.36327
NCT06628453,CGM for Management of Type 2 Diabetes in Pregnancy,RECRUITING,INTERVENTIONAL,NA,University of Texas Health Science Center at Houston,RECRUITING,Houston,Texas,77030,29.76328,-95.36327
NCT06739122,A Study of Dulaglutide (LY2189265) 3.0 mg and 4.5 mg in Pediatric Participants With Type 2 Diabetes Mellitus (AWARD-PEDS PLUS),RECRUITING,INTERVENTIONAL,PHASE3,Texas Childrens Hospital,RECRUITING,Houston,Texas,77030,29.76328,-95.36327
NCT06739122,A Study of Dulaglutide (LY2189265) 3.0 mg and 4.5 mg in Pediatric Participants With Type 2 Diabetes Mellitus (AWARD-PEDS PLUS),RECRUITING,INTERVENTIONAL,PHASE3,UT Health Houston,RECRUITING,Houston,Texas,77030,29.76328,-95.36327
NCT06897475,A Study of LY3457263 Compared With Placebo in Participants With Type 2 Diabetes on a Stable Dose of Semaglutide or Tirzepatide,RECRUITING,INTERVENTIONAL,PHASE2,Juno Research,RECRUITING,Houston,Texas,77040,29.76328,-95.36327
NCT06906640,Implementation pRogram to Improve Screening and Management for CKD in Diabetes (IRIS-CKD) (Program 2),RECRUITING,INTERVENTIONAL,NA,Houston Methodist,RECRUITING,Houston,Texas,77030,29.76328,-95.36327
NCT06943001,Adapting and Assessing the Feasibility of a Telehealth Diabetes Prevention Program for Hispanic Adolescents,RECRUITING,INTERVENTIONAL,NA,"USDA/ARS Children's Nutrition Research Center, Baylor College of Medicine",RECRUITING,Houston,Texas,77003,29.76328,-95.36327
NCT06959901,PATHS-UP Health Behavior Self-monitoring Mobile App for Adolescents,RECRUITING,INTERVENTIONAL,NA,Children's Nutrition Research Center,RECRUITING,Houston,Texas,77003,29.76328,-95.36327
NCT07061574,A Randomized Phase 1/2 Trial of Low Dose Anti-thymocyte Globulin (ATG) With Subsequent Adalimumab or Verapamil in New Onset Type 1 Diabetes,RECRUITING,INTERVENTIONAL,"PHASE1, PHASE2",Baylor College of Medicine,RECRUITING,Houston,Texas,77030,29.76328,-95.36327
NCT07064473,"EASi-PROTKT™ - A Study to Test Vicadrostat (BI 690517) Taken Together With Empagliflozin in People With Type 2 Diabetes, High Blood Pressure, and Cardiovascular Disease",RECRUITING,INTERVENTIONAL,PHASE3,Victorium Clinical Research,RECRUITING,Houston,Texas,77024,29.76328,-95.36327
NCT07064473,"EASi-PROTKT™ - A Study to Test Vicadrostat (BI 690517) Taken Together With Empagliflozin in People With Type 2 Diabetes, High Blood Pressure, and Cardiovascular Disease",RECRUITING,INTERVENTIONAL,PHASE3,Houston Research Institute,NOT_YET_RECRUITING,Houston,Texas,77079,29.76328,-95.36327
NCT07215559,"A Study of Macupatide (LY3532226) and Eloralintide (LY3841136), Alone or in Combination, in Adults With Obesity or Overweight and With Type 2 Diabetes",RECRUITING,INTERVENTIONAL,PHASE2,"Biopharma Informatic, LLC",RECRUITING,Houston,Texas,77043,29.76328,-95.36327
NCT07215559,"A Study of Macupatide (LY3532226) and Eloralintide (LY3841136), Alone or in Combination, in Adults With Obesity or Overweight and With Type 2 Diabetes",RECRUITING,INTERVENTIONAL,PHASE2,"PlanIt Research, PLLC",RECRUITING,Houston,Texas,77079,29.76328,-95.36327
NCT07215559,"A Study of Macupatide (LY3532226) and Eloralintide (LY3841136), Alone or in Combination, in Adults With Obesity or Overweight and With Type 2 Diabetes",RECRUITING,INTERVENTIONAL,PHASE2,"Research Physicians Network, LLC",RECRUITING,Houston,Texas,77089,29.76328,-95.36327
NCT07219602,A Study to Evaluate the Effect of Obicetrapib/Ezetimibe 10 mg Fixed-Dose Combination or Obicetrapib 10 mg Daily on Top of Guideline-Recommended Lipid-Lowering Therapy in Participants With Type 2 Diabetes and/or Metabolic Syndrome,RECRUITING,INTERVENTIONAL,PHASE3,Juno Research LLC - Medical Center,RECRUITING,Houston,Texas,77054,29.76328,-95.36327
NCT07271186,Study to Assess the Effects of Angiopoietin-like Protein 3 (ANGPTL3) Inhibition in Adult Participants With Diabetic Kidney Disease,RECRUITING,INTERVENTIONAL,PHASE2,"Juno Research, LLC",RECRUITING,Houston,Texas,77040,29.76328,-95.36327
NCT07271186,Study to Assess the Effects of Angiopoietin-like Protein 3 (ANGPTL3) Inhibition in Adult Participants With Diabetic Kidney Disease,RECRUITING,INTERVENTIONAL,PHASE2,Prolato Research LLC,RECRUITING,Houston,Texas,77054,29.76328,-95.36327
NCT07271186,Study to Assess the Effects of Angiopoietin-like Protein 3 (ANGPTL3) Inhibition in Adult Participants With Diabetic Kidney Disease,RECRUITING,INTERVENTIONAL,PHASE2,"Clinical Trial Network, LLC",RECRUITING,Houston,Texas,77074,29.76328,-95.36327
NCT07282600,"A Study of Eloralintide (LY3841136) in Participants With Obesity or Overweight, and Type 2 Diabetes",RECRUITING,INTERVENTIONAL,PHASE3,Juno Research,RECRUITING,Houston,Texas,77040,29.76328,-95.36327
NCT07296484,Trial Against INtractable Type 2 Diabetes (CAPTAIN-T2D),RECRUITING,INTERVENTIONAL,PHASE2,"Juno Research, LLC",RECRUITING,Houston,Texas,77040,29.76328,-95.36327
NCT07351045,A Clinical Study to Evaluate the Effects of Enicepatide (RO7795068) in Participants With Obesity or Overweight Without Type 2 Diabetes,RECRUITING,INTERVENTIONAL,PHASE3,Elevate Clinical,RECRUITING,Houston,Texas,77058,29.76328,-95.36327
NCT07351045,A Clinical Study to Evaluate the Effects of Enicepatide (RO7795068) in Participants With Obesity or Overweight Without Type 2 Diabetes,RECRUITING,INTERVENTIONAL,PHASE3,Houston Research Institute,RECRUITING,Houston,Texas,77079,29.76328,-95.36327
NCT07351058,A Clinical Study to Evaluate the Effects of Enicepatide (RO7795068) in Participants With Obesity or Overweight and Type 2 Diabetes,RECRUITING,INTERVENTIONAL,PHASE3,"HRI ? Medical Center, LLC",RECRUITING,Houston,Texas,77004,29.76328,-95.36327
NCT07351058,A Clinical Study to Evaluate the Effects of Enicepatide (RO7795068) in Participants With Obesity or Overweight and Type 2 Diabetes,RECRUITING,INTERVENTIONAL,PHASE3,"Juno Research, LLC",RECRUITING,Houston,Texas,77040,29.76328,-95.36327
NCT07392190,A Study of Eloralintide (LY3841136) in Participants With Persistent Obesity Who Are Treated With a Weekly Incretin,RECRUITING,INTERVENTIONAL,PHASE3,Juno Research,RECRUITING,Houston,Texas,77040,29.76328,-95.36327
NCT07400653,A Study to Learn About the Study Medicine (PF-08653944) in People With Obesity or Overweight and Type 2 Diabetes (T2D),RECRUITING,INTERVENTIONAL,PHASE3,Cardiovascular Specialists of Willowbrook,RECRUITING,Houston,Texas,77070,29.76328,-95.36327
NCT07415954,A Research Study Comparing How Well Different Doses of the Medicine NNC0662-0419 Lower Blood Sugar in People With Type 2 Diabetes,RECRUITING,INTERVENTIONAL,PHASE2,JCCT- Juno NW Houston,RECRUITING,Houston,Texas,77040,29.76328,-95.36327
NCT07502495,Phase 2 Trial of Icovamenib in Participants With Type 2 Diabetes Who Are Not Achieving Glycemic Targets,RECRUITING,INTERVENTIONAL,PHASE2,Synergy Groups Medical,RECRUITING,Houston,Texas,77061,29.76328,-95.36327
NCT07502508,Phase 2 Trial of Icovamenib in Participants With Type 2 Diabetes Mellitus Who Are Not Achieving Glycemic Targets While Using GLP-1-Based Therapy,RECRUITING,INTERVENTIONAL,PHASE2,Synergy Group Medical,RECRUITING,Houston,Texas,77061,29.76328,-95.36327
NCT07533175,AMAZE 2: A Research Study Investigating How Well the Medicine NNC0487-0111 Helps People With Excess Body Weight and Type 2 Diabetes Lose Weight,RECRUITING,INTERVENTIONAL,PHASE3,"PlanIt Research, PLLC",RECRUITING,Houston,Texas,77079,29.76328,-95.36327
NCT07564414,A Research Study to Look at How Two Different Doses of CagriSema and One Dose of Semaglutide Help People Living With Obesity With or Without Type 2 Diabetes Lose Weight,RECRUITING,INTERVENTIONAL,PHASE3,JCCT- Juno NW Houston,RECRUITING,Houston,Texas,77040,29.76328,-95.36327
NCT07564414,A Research Study to Look at How Two Different Doses of CagriSema and One Dose of Semaglutide Help People Living With Obesity With or Without Type 2 Diabetes Lose Weight,RECRUITING,INTERVENTIONAL,PHASE3,The Endocrine Center,RECRUITING,Houston,Texas,77079,29.76328,-95.36327
NCT07579702,Efficacy of the Omnipod® 6 System Compared With the Omnipod® 5 System,RECRUITING,INTERVENTIONAL,NA,Baylor College of Medicine,RECRUITING,Houston,Texas,77030,29.76328,-95.36327
NCT07589608,"A Study to Investigate Weight Management With Macupatide and Eloralintide, Alone or in Combination, in Adult Participants With Obesity or Overweight",RECRUITING,INTERVENTIONAL,PHASE2,"PlanIt Research, PLLC",RECRUITING,Houston,Texas,77079,29.76328,-95.36327
NCT07662213,"A Study to Find Out if the Study Drug Elecoglipron Helps Adults With Type 2 Diabetes Mellitus by Comparing it With Semaglutide, a Medicine Already Used to Treat Type 2 Diabetes Mellitus",RECRUITING,INTERVENTIONAL,PHASE3,Research Site,NOT_YET_RECRUITING,Houston,Texas,77004,29.76328,-95.36327
NCT07662213,"A Study to Find Out if the Study Drug Elecoglipron Helps Adults With Type 2 Diabetes Mellitus by Comparing it With Semaglutide, a Medicine Already Used to Treat Type 2 Diabetes Mellitus",RECRUITING,INTERVENTIONAL,PHASE3,Research Site,NOT_YET_RECRUITING,Houston,Texas,77040,29.76328,-95.36327
NCT07662213,"A Study to Find Out if the Study Drug Elecoglipron Helps Adults With Type 2 Diabetes Mellitus by Comparing it With Semaglutide, a Medicine Already Used to Treat Type 2 Diabetes Mellitus",RECRUITING,INTERVENTIONAL,PHASE3,Research Site,NOT_YET_RECRUITING,Houston,Texas,77079,29.76328,-95.36327
NCT07667803,A Master Protocol to Investigate Efficacy and Safety of Elecoglipron in Participants With Obesity or Overweight With or Without T2DM,RECRUITING,INTERVENTIONAL,PHASE3,Research Site,NOT_YET_RECRUITING,Houston,Texas,77081,29.76328,-95.36327
NCT07668388,A Research Study Comparing How Well Different Doses of the Medicine UBT251 Lower Blood Sugar in People With Type 2 Diabetes,RECRUITING,INTERVENTIONAL,PHASE2,Private Practice - Dr. Laila A. Hassan,RECRUITING,Houston,Texas,77089,29.76328,-95.36327
NCT07667803,A Master Protocol to Investigate Efficacy and Safety of Elecoglipron in Participants With Obesity or Overweight With or Without T2DM,RECRUITING,INTERVENTIONAL,PHASE3,Research Site,NOT_YET_RECRUITING,Humble,Texas,77346,29.99883,-95.26216
NCT07546929,HP-211 Safety and Proof of Concept Dose Ranging Study in Patients With Type 2 Diabetes,RECRUITING,INTERVENTIONAL,PHASE2,Tekton Research,RECRUITING,Irving,Texas,75039,32.81402,-96.94889
NCT07662044,A Phase III Study to Investigate the Efficacy and Safety of Elecoglipron Alone or in Combination With Dapagliflozin Compared With Placebo in Adults With Type 2 Diabetes Mellitus,RECRUITING,INTERVENTIONAL,PHASE3,Research Site,NOT_YET_RECRUITING,Irving,Texas,75061,32.81402,-96.94889
NCT07667803,A Master Protocol to Investigate Efficacy and Safety of Elecoglipron in Participants With Obesity or Overweight With or Without T2DM,RECRUITING,INTERVENTIONAL,PHASE3,Research Site,NOT_YET_RECRUITING,Irving,Texas,75063,32.81402,-96.94889
NCT05390892,PREvention of CardIovascular and DiabEtic kidNey Disease in Type 2 Diabetes,RECRUITING,INTERVENTIONAL,PHASE4,Premier Internal Medicine Associates of Houston,RECRUITING,Katy,Texas,77493,29.78579,-95.8244
NCT07271186,Study to Assess the Effects of Angiopoietin-like Protein 3 (ANGPTL3) Inhibition in Adult Participants With Diabetic Kidney Disease,RECRUITING,INTERVENTIONAL,PHASE2,Gulf Coast Clinical Research,RECRUITING,Katy,Texas,77450,29.78579,-95.8244
NCT07271186,Study to Assess the Effects of Angiopoietin-like Protein 3 (ANGPTL3) Inhibition in Adult Participants With Diabetic Kidney Disease,RECRUITING,INTERVENTIONAL,PHASE2,"R & H Clinical Research, Inc.",RECRUITING,Katy,Texas,77450,29.78579,-95.8244
NCT07564414,A Research Study to Look at How Two Different Doses of CagriSema and One Dose of Semaglutide Help People Living With Obesity With or Without Type 2 Diabetes Lose Weight,RECRUITING,INTERVENTIONAL,PHASE3,Medical Colleagues-Texas LLP,RECRUITING,Katy,Texas,77450,29.78579,-95.8244
NCT07662213,"A Study to Find Out if the Study Drug Elecoglipron Helps Adults With Type 2 Diabetes Mellitus by Comparing it With Semaglutide, a Medicine Already Used to Treat Type 2 Diabetes Mellitus",RECRUITING,INTERVENTIONAL,PHASE3,Research Site,NOT_YET_RECRUITING,Katy,Texas,77450,29.78579,-95.8244
NCT07564414,A Research Study to Look at How Two Different Doses of CagriSema and One Dose of Semaglutide Help People Living With Obesity With or Without Type 2 Diabetes Lose Weight,RECRUITING,INTERVENTIONAL,PHASE3,Sante Clinical Research,RECRUITING,Kerrville,Texas,78028,30.04743,-99.14032
NCT07392190,A Study of Eloralintide (LY3841136) in Participants With Persistent Obesity Who Are Treated With a Weekly Incretin,RECRUITING,INTERVENTIONAL,PHASE3,Activian Clinical Research,NOT_YET_RECRUITING,Kingwood,Texas,77339,30.05691,-95.18349
NCT07296484,Trial Against INtractable Type 2 Diabetes (CAPTAIN-T2D),RECRUITING,INTERVENTIONAL,PHASE2,Radiance Clinical Research,RECRUITING,Lampasas,Texas,76550,31.06378,-98.1817
NCT07564414,A Research Study to Look at How Two Different Doses of CagriSema and One Dose of Semaglutide Help People Living With Obesity With or Without Type 2 Diabetes Lose Weight,RECRUITING,INTERVENTIONAL,PHASE3,Radiance Clinical Research,RECRUITING,Lampasas,Texas,76550,31.06378,-98.1817
NCT07668388,A Research Study Comparing How Well Different Doses of the Medicine UBT251 Lower Blood Sugar in People With Type 2 Diabetes,RECRUITING,INTERVENTIONAL,PHASE2,Radiance Clinical Research,RECRUITING,Lampasas,Texas,76550,31.06378,-98.1817
NCT06112418,A Randomized Comparison of Stage-Based Care Versus Risk Factor-Based Care for Prevention of Cardiovascular Events,RECRUITING,INTERVENTIONAL,NA,Aeres Clinical Research,RECRUITING,Laredo,Texas,78041,27.50641,-99.50754
NCT07564414,A Research Study to Look at How Two Different Doses of CagriSema and One Dose of Semaglutide Help People Living With Obesity With or Without Type 2 Diabetes Lose Weight,RECRUITING,INTERVENTIONAL,PHASE3,Aeres Clinical Research,RECRUITING,Laredo,Texas,78041,27.50641,-99.50754
NCT06112418,A Randomized Comparison of Stage-Based Care Versus Risk Factor-Based Care for Prevention of Cardiovascular Events,RECRUITING,INTERVENTIONAL,NA,DC Clinical Research,RECRUITING,Lewisville,Texas,75057,33.04623,-96.99417
NCT07064473,"EASi-PROTKT™ - A Study to Test Vicadrostat (BI 690517) Taken Together With Empagliflozin in People With Type 2 Diabetes, High Blood Pressure, and Cardiovascular Disease",RECRUITING,INTERVENTIONAL,PHASE3,Epic Clinical Research,RECRUITING,Lewisville,Texas,75057,33.04623,-96.99417
NCT07296484,Trial Against INtractable Type 2 Diabetes (CAPTAIN-T2D),RECRUITING,INTERVENTIONAL,PHASE2,Alliance Clinical - Lewisville (Epic Clinical Research),NOT_YET_RECRUITING,Lewisville,Texas,75057,33.04623,-96.99417
NCT07502495,Phase 2 Trial of Icovamenib in Participants With Type 2 Diabetes Who Are Not Achieving Glycemic Targets,RECRUITING,INTERVENTIONAL,PHASE2,Epic Clinical Research,RECRUITING,Lewisville,Texas,75057,33.04623,-96.99417
NCT07502508,Phase 2 Trial of Icovamenib in Participants With Type 2 Diabetes Mellitus Who Are Not Achieving Glycemic Targets While Using GLP-1-Based Therapy,RECRUITING,INTERVENTIONAL,PHASE2,Epic Clinical Research,RECRUITING,Lewisville,Texas,75057,33.04623,-96.99417
NCT07546929,HP-211 Safety and Proof of Concept Dose Ranging Study in Patients With Type 2 Diabetes,RECRUITING,INTERVENTIONAL,PHASE2,Alliance Clinical Lewisville (Epic Clinical Research),RECRUITING,Lewisville,Texas,75057,33.04623,-96.99417
NCT07564414,A Research Study to Look at How Two Different Doses of CagriSema and One Dose of Semaglutide Help People Living With Obesity With or Without Type 2 Diabetes Lose Weight,RECRUITING,INTERVENTIONAL,PHASE3,DCOL Ctr for Clin Res,RECRUITING,Longview,Texas,75605,32.5007,-94.74049
NCT06580964,Heat and Exercise in Aging as Therapy (HEAT),RECRUITING,INTERVENTIONAL,NA,Texas Tech University,RECRUITING,Lubbock,Texas,79409,33.57786,-101.85517
NCT07351045,A Clinical Study to Evaluate the Effects of Enicepatide (RO7795068) in Participants With Obesity or Overweight Without Type 2 Diabetes,RECRUITING,INTERVENTIONAL,PHASE3,Elevate Clinical,RECRUITING,McAllen,Texas,78504,26.20341,-98.23001
NCT07564414,A Research Study to Look at How Two Different Doses of CagriSema and One Dose of Semaglutide Help People Living With Obesity With or Without Type 2 Diabetes Lose Weight,RECRUITING,INTERVENTIONAL,PHASE3,RGV Endocrine Center,RECRUITING,McAllen,Texas,78503,26.20341,-98.23001
NCT05390892,PREvention of CardIovascular and DiabEtic kidNey Disease in Type 2 Diabetes,RECRUITING,INTERVENTIONAL,PHASE4,North Dallas Research Associates,RECRUITING,McKinney,Texas,75069,33.19762,-96.61527
NCT06112418,A Randomized Comparison of Stage-Based Care Versus Risk Factor-Based Care for Prevention of Cardiovascular Events,RECRUITING,INTERVENTIONAL,NA,North Dallas Research Associates - Kerlo Network,RECRUITING,McKinney,Texas,75069,33.19762,-96.61527
NCT07228117,GATEWAY: Safety Evaluation of the MiniMed™ NMX8-AID System in Children and Adults Living With Diabetes,RECRUITING,INTERVENTIONAL,NA,Tekton Research,RECRUITING,McKinney,Texas,75069,33.19762,-96.61527
NCT07271186,Study to Assess the Effects of Angiopoietin-like Protein 3 (ANGPTL3) Inhibition in Adult Participants With Diabetic Kidney Disease,RECRUITING,INTERVENTIONAL,PHASE2,Sunbeam Clinical Research,RECRUITING,McKinney,Texas,75069,33.19762,-96.61527
NCT07521475,Evaluation of the Fully Closed Loop Omnipod® System in Type 2 Diabetes,RECRUITING,INTERVENTIONAL,NA,Tekton Research,NOT_YET_RECRUITING,McKinney,Texas,75072,33.19762,-96.61527
NCT07546929,HP-211 Safety and Proof of Concept Dose Ranging Study in Patients With Type 2 Diabetes,RECRUITING,INTERVENTIONAL,PHASE2,Tekton Research,RECRUITING,McKinney,Texas,75069,33.19762,-96.61527
NCT07662109,A Phase III Study to Investigate the Efficacy and Safety of the Combination of Elecoglipron and Dapagliflozin in Adults With Type 2 Diabetes Mellitus,RECRUITING,INTERVENTIONAL,PHASE3,Research Site,NOT_YET_RECRUITING,McKinney,Texas,75069,33.19762,-96.61527
NCT06112418,A Randomized Comparison of Stage-Based Care Versus Risk Factor-Based Care for Prevention of Cardiovascular Events,RECRUITING,INTERVENTIONAL,NA,SMS Clinical Research,RECRUITING,Mesquite,Texas,75149,32.7668,-96.59916
NCT06897475,A Study of LY3457263 Compared With Placebo in Participants With Type 2 Diabetes on a Stable Dose of Semaglutide or Tirzepatide,RECRUITING,INTERVENTIONAL,PHASE2,Southern Endocrinology Associates,RECRUITING,Mesquite,Texas,75149,32.7668,-96.59916
NCT07064473,"EASi-PROTKT™ - A Study to Test Vicadrostat (BI 690517) Taken Together With Empagliflozin in People With Type 2 Diabetes, High Blood Pressure, and Cardiovascular Disease",RECRUITING,INTERVENTIONAL,PHASE3,Southern Endocrinology Associates,RECRUITING,Mesquite,Texas,75149,32.7668,-96.59916
NCT07282600,"A Study of Eloralintide (LY3841136) in Participants With Obesity or Overweight, and Type 2 Diabetes",RECRUITING,INTERVENTIONAL,PHASE3,Southern Endocrinology Associates,RECRUITING,Mesquite,Texas,75149,32.7668,-96.59916
NCT07340320,A Study of CX11 Tablets in Patients With Type 2 Diabetes Mellitus,RECRUITING,INTERVENTIONAL,PHASE2,"SMS Clinical Research, LLC - 400 W. Kearney St",RECRUITING,Mesquite,Texas,751497,32.7668,-96.59916
NCT07296484,Trial Against INtractable Type 2 Diabetes (CAPTAIN-T2D),RECRUITING,INTERVENTIONAL,PHASE2,"Texas Valley Clinical Research - Mission, TX",NOT_YET_RECRUITING,Mission,Texas,78572,26.21591,-98.32529
NCT07392190,A Study of Eloralintide (LY3841136) in Participants With Persistent Obesity Who Are Treated With a Weekly Incretin,RECRUITING,INTERVENTIONAL,PHASE3,Texas Valley Clinical Research (TVCR) - Mission,NOT_YET_RECRUITING,Mission,Texas,78572,26.21591,-98.32529
NCT07392190,A Study of Eloralintide (LY3841136) in Participants With Persistent Obesity Who Are Treated With a Weekly Incretin,RECRUITING,INTERVENTIONAL,PHASE3,Synergy Groups Medical LLC - Missouri City,RECRUITING,Missouri City,Texas,77459,29.61857,-95.53772
NCT07662109,A Phase III Study to Investigate the Efficacy and Safety of the Combination of Elecoglipron and Dapagliflozin in Adults With Type 2 Diabetes Mellitus,RECRUITING,INTERVENTIONAL,PHASE3,Research Site,NOT_YET_RECRUITING,Paris,Texas,75462,33.66094,-95.55551
NCT07351058,A Clinical Study to Evaluate the Effects of Enicepatide (RO7795068) in Participants With Obesity or Overweight and Type 2 Diabetes,RECRUITING,INTERVENTIONAL,PHASE3,"HRI ? Pasadena, LLC",RECRUITING,Pasadena,Texas,77505,29.69106,-95.2091
NCT07282600,"A Study of Eloralintide (LY3841136) in Participants With Obesity or Overweight, and Type 2 Diabetes",RECRUITING,INTERVENTIONAL,PHASE3,Research Your Health,RECRUITING,Plano,Texas,75093,33.01984,-96.69889
NCT07400653,A Study to Learn About the Study Medicine (PF-08653944) in People With Obesity or Overweight and Type 2 Diabetes (T2D),RECRUITING,INTERVENTIONAL,PHASE3,Dallas Clinical Research Center (Pillar Clinical Research),RECRUITING,Richardson,Texas,75080,32.94818,-96.72972
NCT07215559,"A Study of Macupatide (LY3532226) and Eloralintide (LY3841136), Alone or in Combination, in Adults With Obesity or Overweight and With Type 2 Diabetes",RECRUITING,INTERVENTIONAL,PHASE2,Aavon Clinical Trials,RECRUITING,Richmond,Texas,77407,29.58218,-95.76078
NCT06267391,Safety and Effectiveness of Endoscopic Intestinal Re-Cellularization Therapy in Individuals With Type II Diabetes,RECRUITING,INTERVENTIONAL,NA,"Texas Diabetes & Endocrinology, P.A.",RECRUITING,Round Rock,Texas,78681,30.50826,-97.6789
NCT06897475,A Study of LY3457263 Compared With Placebo in Participants With Type 2 Diabetes on a Stable Dose of Semaglutide or Tirzepatide,RECRUITING,INTERVENTIONAL,PHASE2,"Texas Diabetes & Endocrinology, P.A.",RECRUITING,Round Rock,Texas,78681,30.50826,-97.6789
NCT07296484,Trial Against INtractable Type 2 Diabetes (CAPTAIN-T2D),RECRUITING,INTERVENTIONAL,PHASE2,"Texas Diabetes & Endocrinology, P.A. - Round Rock",RECRUITING,Round Rock,Texas,78681,30.50826,-97.6789
NCT02969798,Pre-diabetes in Subject With Impaired Fasting Glucose (IFG) and Impaired Glucose Tolerance (IGT),RECRUITING,INTERVENTIONAL,NA,The University of Texas Health Science Center at San Antonio,RECRUITING,San Antonio,Texas,78229,29.42412,-98.49363
NCT03953963,Evaluation of Intra-Abdominal Fat Extraction Using HydraSolve T2D™ in Obese Subjects With Type 2 Diabetes,UNKNOWN,INTERVENTIONAL,NA,University of Texas Health Science Center at San Antonio,RECRUITING,San Antonio,Texas,78229,29.42412,-98.49363
NCT05099770,Proact: A Study of REACT in Subjects With Type 2 Diabetes Mellitus and Chronic Kidney Disease,RECRUITING,INTERVENTIONAL,PHASE3,"Clinical Advancement Center, PLLC",RECRUITING,San Antonio,Texas,78212,29.42412,-98.49363
NCT05099770,Proact: A Study of REACT in Subjects With Type 2 Diabetes Mellitus and Chronic Kidney Disease,RECRUITING,INTERVENTIONAL,PHASE3,University Health System,RECRUITING,San Antonio,Texas,78229,29.42412,-98.49363
NCT05131139,Enhance Study: Evaluation of Accuracy and Safety of the Eversense CGM System With Enhanced Features,UNKNOWN,INTERVENTIONAL,NA,"Clinical Trials of Texas, LLC. (CTT)",RECRUITING,San Antonio,Texas,78229,29.42412,-98.49363
NCT05267626,"Study of AU-007, A Monoclonal Antibody That Binds to IL-2 and Inhibits IL-2Rα Binding, in Patients With Unresectable Locally Advanced or Metastatic Cancer",RECRUITING,INTERVENTIONAL,"PHASE1, PHASE2",START South Texas Accelerated Research Therapeutics,RECRUITING,San Antonio,Texas,78229,29.42412,-98.49363
NCT05305287,Quantifying Hepatic Mitochondrial Fluxes in Humans,RECRUITING,INTERVENTIONAL,PHASE4,Texas Diabetes Institute - University Health System,RECRUITING,San Antonio,Texas,78207,29.42412,-98.49363
NCT05305287,Quantifying Hepatic Mitochondrial Fluxes in Humans,RECRUITING,INTERVENTIONAL,PHASE4,University of Texas Health Science Center at San Antonio,RECRUITING,San Antonio,Texas,78229,29.42412,-98.49363
NCT05838287,Pioglitazone on Heart Failure in Type-2 Diabetes Mellitus Participants,RECRUITING,INTERVENTIONAL,PHASE4,Texas Diabetes Institute/UH,RECRUITING,San Antonio,Texas,78229-3900,29.42412,-98.49363
NCT05960656,"SGLTi, Hepatic Glucose Production and Ketogenesis",RECRUITING,INTERVENTIONAL,PHASE1,Texas Diabetes Institute/UH,RECRUITING,San Antonio,Texas,78229-3900,29.42412,-98.49363
NCT06108076,Acute and Chronic Effects of Oral Ketones in Subjects With HFrEF and Diabetes,RECRUITING,INTERVENTIONAL,EARLY_PHASE1,University of Texas Health Science Center at San Antonio,RECRUITING,San Antonio,Texas,78229,29.42412,-98.49363
NCT06246799,Comparative Effectiveness of Two Initial Combination Therapies in Patients With Recent Onset Diabetes,RECRUITING,INTERVENTIONAL,PHASE3,University Health System Texas Diabetic Institute,RECRUITING,San Antonio,Texas,78207,29.42412,-98.49363
NCT06246799,Comparative Effectiveness of Two Initial Combination Therapies in Patients With Recent Onset Diabetes,RECRUITING,INTERVENTIONAL,PHASE3,UT Health Science Center,RECRUITING,San Antonio,Texas,78229,29.42412,-98.49363
NCT06267391,Safety and Effectiveness of Endoscopic Intestinal Re-Cellularization Therapy in Individuals With Type II Diabetes,RECRUITING,INTERVENTIONAL,NA,"Diabetes & Glandular Disease Clinic, P.A.",RECRUITING,San Antonio,Texas,78229,29.42412,-98.49363
NCT06267391,Safety and Effectiveness of Endoscopic Intestinal Re-Cellularization Therapy in Individuals With Type II Diabetes,RECRUITING,INTERVENTIONAL,NA,IMA Clinical Research - San Antonio,RECRUITING,San Antonio,Texas,78229,29.42412,-98.49363
NCT06562907,"Study of GS-4571 in Healthy Participants, Nondiabetic Obese Participants, and Nonobese Participants With Type 2 Diabetes Mellitus (T2DM)",RECRUITING,INTERVENTIONAL,PHASE1,"ICON Early Phase Services, LLC",RECRUITING,San Antonio,Texas,78232,29.42412,-98.49363
NCT06706284,Glycemic and Weight Loss Effects of GLP-1R Agonist Therapy in Subjects With Spinal Cord Injury and Type 2 Diabetes,RECRUITING,INTERVENTIONAL,PHASE4,University Health - Texas Diabetic Institute,RECRUITING,San Antonio,Texas,78207,29.42412,-98.49363
NCT06706284,Glycemic and Weight Loss Effects of GLP-1R Agonist Therapy in Subjects With Spinal Cord Injury and Type 2 Diabetes,RECRUITING,INTERVENTIONAL,PHASE4,University of Texas Health Science Center at San Antonio,RECRUITING,San Antonio,Texas,78229,29.42412,-98.49363
NCT07024823,"A Study to Investigate Safety, Tolerability, Pharmacokinetics, and Pharmacodynamics of AZD4248 in Healthy Participants and Participants With Chronic Kidney Disease and Type 2 Diabetes and to Assess Home Measurements of Creatinine in a Non Interventional Cohort",RECRUITING,INTERVENTIONAL,PHASE1,Research Site,RECRUITING,San Antonio,Texas,78215,29.42412,-98.49363
NCT07053293,"SGLT2i, Hepatic Glucose Production, and SNS",RECRUITING,INTERVENTIONAL,EARLY_PHASE1,Texas Diabetes Institute/UH,RECRUITING,San Antonio,Texas,78229-3900,29.42412,-98.49363
NCT07053306,"SGLT2i, Ketoacidosis, Volume Contraction, and Insulinopenia",RECRUITING,INTERVENTIONAL,PHASE1,Texas Diabetes Institute/UH,RECRUITING,San Antonio,Texas,78229-3900,29.42412,-98.49363
NCT07053319,"SGLT2i, Pioglitazone, and Ketone Production in T2D",RECRUITING,INTERVENTIONAL,PHASE1,Texas Diabetes Institute/UH,RECRUITING,San Antonio,Texas,78229-3900,29.42412,-98.49363
NCT07064473,"EASi-PROTKT™ - A Study to Test Vicadrostat (BI 690517) Taken Together With Empagliflozin in People With Type 2 Diabetes, High Blood Pressure, and Cardiovascular Disease",RECRUITING,INTERVENTIONAL,PHASE3,IMA Clinical Research San Antonio,RECRUITING,San Antonio,Texas,78229,29.42412,-98.49363
NCT07064473,"EASi-PROTKT™ - A Study to Test Vicadrostat (BI 690517) Taken Together With Empagliflozin in People With Type 2 Diabetes, High Blood Pressure, and Cardiovascular Disease",RECRUITING,INTERVENTIONAL,PHASE3,"Pinnacle Clinical Research, LLC",NOT_YET_RECRUITING,San Antonio,Texas,78229,29.42412,-98.49363
NCT07064473,"EASi-PROTKT™ - A Study to Test Vicadrostat (BI 690517) Taken Together With Empagliflozin in People With Type 2 Diabetes, High Blood Pressure, and Cardiovascular Disease",RECRUITING,INTERVENTIONAL,PHASE3,University of Texas Health Science Center at San Antonio,NOT_YET_RECRUITING,San Antonio,Texas,78229,29.42412,-98.49363
NCT07064473,"EASi-PROTKT™ - A Study to Test Vicadrostat (BI 690517) Taken Together With Empagliflozin in People With Type 2 Diabetes, High Blood Pressure, and Cardiovascular Disease",RECRUITING,INTERVENTIONAL,PHASE3,Endeavor Clinical Trials,RECRUITING,San Antonio,Texas,78240,29.42412,-98.49363
NCT07064473,"EASi-PROTKT™ - A Study to Test Vicadrostat (BI 690517) Taken Together With Empagliflozin in People With Type 2 Diabetes, High Blood Pressure, and Cardiovascular Disease",RECRUITING,INTERVENTIONAL,PHASE3,Tekton Research-San Antonio-68916,RECRUITING,San Antonio,Texas,78258,29.42412,-98.49363
NCT07219602,A Study to Evaluate the Effect of Obicetrapib/Ezetimibe 10 mg Fixed-Dose Combination or Obicetrapib 10 mg Daily on Top of Guideline-Recommended Lipid-Lowering Therapy in Participants With Type 2 Diabetes and/or Metabolic Syndrome,RECRUITING,INTERVENTIONAL,PHASE3,Clinical Trials of Texas dba Flourish Research,RECRUITING,San Antonio,Texas,78229,29.42412,-98.49363
NCT07271186,Study to Assess the Effects of Angiopoietin-like Protein 3 (ANGPTL3) Inhibition in Adult Participants With Diabetic Kidney Disease,RECRUITING,INTERVENTIONAL,PHASE2,Clinical Advancement Center,RECRUITING,San Antonio,Texas,78212,29.42412,-98.49363
NCT07271186,Study to Assess the Effects of Angiopoietin-like Protein 3 (ANGPTL3) Inhibition in Adult Participants With Diabetic Kidney Disease,RECRUITING,INTERVENTIONAL,PHASE2,University of Texas Health - San Antonio,RECRUITING,San Antonio,Texas,78229,29.42412,-98.49363
NCT07282600,"A Study of Eloralintide (LY3841136) in Participants With Obesity or Overweight, and Type 2 Diabetes",RECRUITING,INTERVENTIONAL,PHASE3,IMA Clinical Research San Antonio,RECRUITING,San Antonio,Texas,78229,29.42412,-98.49363
NCT07296484,Trial Against INtractable Type 2 Diabetes (CAPTAIN-T2D),RECRUITING,INTERVENTIONAL,PHASE2,"Diabetes & Glandular Disease Clinic, P.A.",RECRUITING,San Antonio,Texas,78229,29.42412,-98.49363
NCT07296484,Trial Against INtractable Type 2 Diabetes (CAPTAIN-T2D),RECRUITING,INTERVENTIONAL,PHASE2,Texas Valley Clinical Research - San Antonio TX,NOT_YET_RECRUITING,San Antonio,Texas,78251,29.42412,-98.49363
NCT07321886,"A Study of Eloralintide (LY3841136) in Participants With Obesity, or Overweight Without Type 2 Diabetes",RECRUITING,INTERVENTIONAL,PHASE3,IMA Clinical Research San Antonio,RECRUITING,San Antonio,Texas,78229,29.42412,-98.49363
NCT07340320,A Study of CX11 Tablets in Patients With Type 2 Diabetes Mellitus,RECRUITING,INTERVENTIONAL,PHASE2,"AES - DRS - Synexus Clinical Research US, Inc. - San Antonio",RECRUITING,San Antonio,Texas,78229-3272,29.42412,-98.49363
NCT07340320,A Study of CX11 Tablets in Patients With Type 2 Diabetes Mellitus,RECRUITING,INTERVENTIONAL,PHASE2,Flourish Research - San Antonio - PPDS,RECRUITING,San Antonio,Texas,78229-3539,29.42412,-98.49363
NCT07351045,A Clinical Study to Evaluate the Effects of Enicepatide (RO7795068) in Participants With Obesity or Overweight Without Type 2 Diabetes,RECRUITING,INTERVENTIONAL,PHASE3,Pinnacle Clinical Research - South San Antonio,RECRUITING,San Antonio,Texas,78222,29.42412,-98.49363
NCT07351045,A Clinical Study to Evaluate the Effects of Enicepatide (RO7795068) in Participants With Obesity or Overweight Without Type 2 Diabetes,RECRUITING,INTERVENTIONAL,PHASE3,IMA Clinical Research - San Antonio,RECRUITING,San Antonio,Texas,78229,29.42412,-98.49363
NCT07392190,A Study of Eloralintide (LY3841136) in Participants With Persistent Obesity Who Are Treated With a Weekly Incretin,RECRUITING,INTERVENTIONAL,PHASE3,IMA Clinical Research San Antonio,RECRUITING,San Antonio,Texas,78229,29.42412,-98.49363
NCT07392190,A Study of Eloralintide (LY3841136) in Participants With Persistent Obesity Who Are Treated With a Weekly Incretin,RECRUITING,INTERVENTIONAL,PHASE3,Endeavor Clinical Trials,RECRUITING,San Antonio,Texas,78240,29.42412,-98.49363
NCT07502508,Phase 2 Trial of Icovamenib in Participants With Type 2 Diabetes Mellitus Who Are Not Achieving Glycemic Targets While Using GLP-1-Based Therapy,RECRUITING,INTERVENTIONAL,PHASE2,"Diabetes & Glandular Disease Clinic, P.A.",RECRUITING,San Antonio,Texas,78229,29.42412,-98.49363
NCT07518004,ROME GS System Study,RECRUITING,INTERVENTIONAL,NA,Flourish Research - San Antonio,RECRUITING,San Antonio,Texas,78229,29.42412,-98.49363
NCT07521475,Evaluation of the Fully Closed Loop Omnipod® System in Type 2 Diabetes,RECRUITING,INTERVENTIONAL,NA,Tekton Research,NOT_YET_RECRUITING,San Antonio,Texas,78258,29.42412,-98.49363
NCT07546929,HP-211 Safety and Proof of Concept Dose Ranging Study in Patients With Type 2 Diabetes,RECRUITING,INTERVENTIONAL,PHASE2,Tekton Research,RECRUITING,San Antonio,Texas,78258,29.42412,-98.49363
NCT07564414,A Research Study to Look at How Two Different Doses of CagriSema and One Dose of Semaglutide Help People Living With Obesity With or Without Type 2 Diabetes Lose Weight,RECRUITING,INTERVENTIONAL,PHASE3,Quality Research Inc,RECRUITING,San Antonio,Texas,78209,29.42412,-98.49363
NCT07564414,A Research Study to Look at How Two Different Doses of CagriSema and One Dose of Semaglutide Help People Living With Obesity With or Without Type 2 Diabetes Lose Weight,RECRUITING,INTERVENTIONAL,PHASE3,AES San Antonio,RECRUITING,San Antonio,Texas,78229,29.42412,-98.49363
NCT07564414,A Research Study to Look at How Two Different Doses of CagriSema and One Dose of Semaglutide Help People Living With Obesity With or Without Type 2 Diabetes Lose Weight,RECRUITING,INTERVENTIONAL,PHASE3,Northeast Clinical Research of San Antonio,RECRUITING,San Antonio,Texas,78233,29.42412,-98.49363
NCT07589608,"A Study to Investigate Weight Management With Macupatide and Eloralintide, Alone or in Combination, in Adult Participants With Obesity or Overweight",RECRUITING,INTERVENTIONAL,PHASE2,Endeavor Clinical Trials,RECRUITING,San Antonio,Texas,78240,29.42412,-98.49363
NCT07595549,A Study to Learn About the Study Medicine Called Berobenatide (PF-08653944) in People With Overweight or Obesity,RECRUITING,INTERVENTIONAL,PHASE3,VIP Trials,RECRUITING,San Antonio,Texas,78230,29.42412,-98.49363
NCT07662109,A Phase III Study to Investigate the Efficacy and Safety of the Combination of Elecoglipron and Dapagliflozin in Adults With Type 2 Diabetes Mellitus,RECRUITING,INTERVENTIONAL,PHASE3,Research Site,NOT_YET_RECRUITING,San Antonio,Texas,78229,29.42412,-98.49363
NCT07662135,A Phase III Study to Investigate the Efficacy and Safety of Elecoglipron Compared With Placebo in Adults With Type 2 Diabetes Mellitus and Impaired Renal Function on Background Dapagliflozin,RECRUITING,INTERVENTIONAL,PHASE3,Research Site,NOT_YET_RECRUITING,San Antonio,Texas,78257,29.42412,-98.49363
NCT07662213,"A Study to Find Out if the Study Drug Elecoglipron Helps Adults With Type 2 Diabetes Mellitus by Comparing it With Semaglutide, a Medicine Already Used to Treat Type 2 Diabetes Mellitus",RECRUITING,INTERVENTIONAL,PHASE3,Research Site,NOT_YET_RECRUITING,San Antonio,Texas,78229,29.42412,-98.49363
NCT07662213,"A Study to Find Out if the Study Drug Elecoglipron Helps Adults With Type 2 Diabetes Mellitus by Comparing it With Semaglutide, a Medicine Already Used to Treat Type 2 Diabetes Mellitus",RECRUITING,INTERVENTIONAL,PHASE3,Research Site,NOT_YET_RECRUITING,San Antonio,Texas,78231,29.42412,-98.49363
NCT07668388,A Research Study Comparing How Well Different Doses of the Medicine UBT251 Lower Blood Sugar in People With Type 2 Diabetes,RECRUITING,INTERVENTIONAL,PHASE2,Quality Research Inc,RECRUITING,San Antonio,Texas,78209,29.42412,-98.49363
NCT07668388,A Research Study Comparing How Well Different Doses of the Medicine UBT251 Lower Blood Sugar in People With Type 2 Diabetes,RECRUITING,INTERVENTIONAL,PHASE2,Tekton Research Inc,RECRUITING,San Antonio,Texas,78258,29.42412,-98.49363
NCT07675161,MiniMed Fit Payload Wear Pediatric Study,RECRUITING,OBSERVATIONAL,,Diabetes and Glandular Disease Clinic PA,RECRUITING,San Antonio,Texas,78229,29.42412,-98.49363
NCT06112418,A Randomized Comparison of Stage-Based Care Versus Risk Factor-Based Care for Prevention of Cardiovascular Events,RECRUITING,INTERVENTIONAL,NA,"Privia Medical Group Gulf Coast, PLLC ( Javara Inc.)",RECRUITING,San Marcos,Texas,78666,29.88327,-97.94139
NCT07064473,"EASi-PROTKT™ - A Study to Test Vicadrostat (BI 690517) Taken Together With Empagliflozin in People With Type 2 Diabetes, High Blood Pressure, and Cardiovascular Disease",RECRUITING,INTERVENTIONAL,PHASE3,"Javara Inc. and Privia Medical Group Gulf Coast, PLLC",RECRUITING,San Marcos,Texas,78666,29.88327,-97.94139
NCT07296484,Trial Against INtractable Type 2 Diabetes (CAPTAIN-T2D),RECRUITING,INTERVENTIONAL,PHASE2,Elevate Clinical Research,RECRUITING,Seabrook,Texas,77586,29.56412,-95.02548
NCT06897475,A Study of LY3457263 Compared With Placebo in Participants With Type 2 Diabetes on a Stable Dose of Semaglutide or Tirzepatide,RECRUITING,INTERVENTIONAL,PHASE2,"Consano Clinical Research, LLC",RECRUITING,Shavano Park,Texas,78231,29.58495,-98.55252
NCT07064473,"EASi-PROTKT™ - A Study to Test Vicadrostat (BI 690517) Taken Together With Empagliflozin in People With Type 2 Diabetes, High Blood Pressure, and Cardiovascular Disease",RECRUITING,INTERVENTIONAL,PHASE3,Consano Clinical Research,RECRUITING,Shavano Park,Texas,78231,29.58495,-98.55252
NCT07215559,"A Study of Macupatide (LY3532226) and Eloralintide (LY3841136), Alone or in Combination, in Adults With Obesity or Overweight and With Type 2 Diabetes",RECRUITING,INTERVENTIONAL,PHASE2,"Consano Clinical Research, LLC",RECRUITING,Shavano Park,Texas,78231,29.58495,-98.55252
NCT07392190,A Study of Eloralintide (LY3841136) in Participants With Persistent Obesity Who Are Treated With a Weekly Incretin,RECRUITING,INTERVENTIONAL,PHASE3,"Consano Clinical Research, LLC",RECRUITING,Shavano Park,Texas,78231,29.58495,-98.55252
NCT07415954,A Research Study Comparing How Well Different Doses of the Medicine NNC0662-0419 Lower Blood Sugar in People With Type 2 Diabetes,RECRUITING,INTERVENTIONAL,PHASE2,"Consano Clinical Research, LLC",RECRUITING,Shavano Park,Texas,78231,29.58495,-98.55252
NCT07564414,A Research Study to Look at How Two Different Doses of CagriSema and One Dose of Semaglutide Help People Living With Obesity With or Without Type 2 Diabetes Lose Weight,RECRUITING,INTERVENTIONAL,PHASE3,"Consano Clinical Research, LLC",RECRUITING,Shavano Park,Texas,78231,29.58495,-98.55252
NCT07668388,A Research Study Comparing How Well Different Doses of the Medicine UBT251 Lower Blood Sugar in People With Type 2 Diabetes,RECRUITING,INTERVENTIONAL,PHASE2,Consano Clin Res-Shavano Park,RECRUITING,Shavano Park,Texas,78231,29.58495,-98.55252
NCT07064473,"EASi-PROTKT™ - A Study to Test Vicadrostat (BI 690517) Taken Together With Empagliflozin in People With Type 2 Diabetes, High Blood Pressure, and Cardiovascular Disease",RECRUITING,INTERVENTIONAL,PHASE3,Sherman Clinical Research,RECRUITING,Sherman,Texas,75090,33.63566,-96.60888
NCT07351045,A Clinical Study to Evaluate the Effects of Enicepatide (RO7795068) in Participants With Obesity or Overweight Without Type 2 Diabetes,RECRUITING,INTERVENTIONAL,PHASE3,"Texas Digestive Disease Consultants, PLLC d/b/a GI Alliance",RECRUITING,Southlake,Texas,76092,32.94124,-97.13418
NCT06112418,A Randomized Comparison of Stage-Based Care Versus Risk Factor-Based Care for Prevention of Cardiovascular Events,RECRUITING,INTERVENTIONAL,NA,Privia Medical Group- North Texas,RECRUITING,Stephenville,Texas,76401,32.2207,-98.20226
NCT07064473,"EASi-PROTKT™ - A Study to Test Vicadrostat (BI 690517) Taken Together With Empagliflozin in People With Type 2 Diabetes, High Blood Pressure, and Cardiovascular Disease",RECRUITING,INTERVENTIONAL,PHASE3,Javara Inc.-Stephenville-68996,RECRUITING,Stephenville,Texas,76401,32.2207,-98.20226
NCT07340320,A Study of CX11 Tablets in Patients With Type 2 Diabetes Mellitus,RECRUITING,INTERVENTIONAL,PHASE2,Privia Medical Group- North Texas - Stephenville - Javara - PPDS,RECRUITING,Stephenville,Texas,76401-1860,32.2207,-98.20226
NCT05099770,Proact: A Study of REACT in Subjects With Type 2 Diabetes Mellitus and Chronic Kidney Disease,RECRUITING,INTERVENTIONAL,PHASE3,Prolato Clinical Research Center - Sugar Land,RECRUITING,Sugar Land,Texas,77479,29.61968,-95.63495
NCT06267391,Safety and Effectiveness of Endoscopic Intestinal Re-Cellularization Therapy in Individuals With Type II Diabetes,RECRUITING,INTERVENTIONAL,NA,Mt. Olympus Medical Research,RECRUITING,Sugar Land,Texas,77479,29.61968,-95.63495
NCT07546929,HP-211 Safety and Proof of Concept Dose Ranging Study in Patients With Type 2 Diabetes,RECRUITING,INTERVENTIONAL,PHASE2,"Simcare Medical Research, LLC.",RECRUITING,Sugar Land,Texas,77478,29.61968,-95.63495
NCT07564414,A Research Study to Look at How Two Different Doses of CagriSema and One Dose of Semaglutide Help People Living With Obesity With or Without Type 2 Diabetes Lose Weight,RECRUITING,INTERVENTIONAL,PHASE3,"Mt Olympus Medical Research, LLC",RECRUITING,Sugar Land,Texas,77478,29.61968,-95.63495
NCT07662213,"A Study to Find Out if the Study Drug Elecoglipron Helps Adults With Type 2 Diabetes Mellitus by Comparing it With Semaglutide, a Medicine Already Used to Treat Type 2 Diabetes Mellitus",RECRUITING,INTERVENTIONAL,PHASE3,Research Site,NOT_YET_RECRUITING,Sugar Land,Texas,77478,29.61968,-95.63495
NCT06906627,Implementation pRogram to Improve Screening and Management for CKD in Diabetes (Program 1) (IRIS-CKD),RECRUITING,INTERVENTIONAL,NA,Baylor Scott & White,RECRUITING,Temple,Texas,76508,31.09823,-97.34278
NCT06906640,Implementation pRogram to Improve Screening and Management for CKD in Diabetes (IRIS-CKD) (Program 2),RECRUITING,INTERVENTIONAL,NA,Baylor Scott & White,RECRUITING,Temple,Texas,76508,31.09823,-97.34278
NCT05099770,Proact: A Study of REACT in Subjects With Type 2 Diabetes Mellitus and Chronic Kidney Disease,RECRUITING,INTERVENTIONAL,PHASE3,Renal Physicians of Montgomery County,RECRUITING,The Woodlands,Texas,77384,30.15799,-95.48938
NCT07064473,"EASi-PROTKT™ - A Study to Test Vicadrostat (BI 690517) Taken Together With Empagliflozin in People With Type 2 Diabetes, High Blood Pressure, and Cardiovascular Disease",RECRUITING,INTERVENTIONAL,PHASE3,Northwest Houston Heart Center,RECRUITING,Tomball,Texas,77375,30.09716,-95.61605
NCT07351058,A Clinical Study to Evaluate the Effects of Enicepatide (RO7795068) in Participants With Obesity or Overweight and Type 2 Diabetes,RECRUITING,INTERVENTIONAL,PHASE3,DM Clinical Research,RECRUITING,Tomball,Texas,77375,30.09716,-95.61605
NCT07064473,"EASi-PROTKT™ - A Study to Test Vicadrostat (BI 690517) Taken Together With Empagliflozin in People With Type 2 Diabetes, High Blood Pressure, and Cardiovascular Disease",RECRUITING,INTERVENTIONAL,PHASE3,"Velocity Clinical Research, Waco",RECRUITING,Waco,Texas,76710,31.54933,-97.14667
NCT07546929,HP-211 Safety and Proof of Concept Dose Ranging Study in Patients With Type 2 Diabetes,RECRUITING,INTERVENTIONAL,PHASE2,Velocity Clinical Research Waco,RECRUITING,Waco,Texas,76710,31.54933,-97.14667
NCT06897475,A Study of LY3457263 Compared With Placebo in Participants With Type 2 Diabetes on a Stable Dose of Semaglutide or Tirzepatide,RECRUITING,INTERVENTIONAL,PHASE2,Texas Valley Clinical Research,RECRUITING,Weslaco,Texas,78596,26.15952,-97.99084
NCT07064473,"EASi-PROTKT™ - A Study to Test Vicadrostat (BI 690517) Taken Together With Empagliflozin in People With Type 2 Diabetes, High Blood Pressure, and Cardiovascular Disease",RECRUITING,INTERVENTIONAL,PHASE3,Texas Valley Clinical Research,RECRUITING,Weslaco,Texas,78596,26.15952,-97.99084
NCT07215559,"A Study of Macupatide (LY3532226) and Eloralintide (LY3841136), Alone or in Combination, in Adults With Obesity or Overweight and With Type 2 Diabetes",RECRUITING,INTERVENTIONAL,PHASE2,Texas Valley Clinical Research,RECRUITING,Weslaco,Texas,78596,26.15952,-97.99084
NCT07296484,Trial Against INtractable Type 2 Diabetes (CAPTAIN-T2D),RECRUITING,INTERVENTIONAL,PHASE2,"Texas Valley Clinical Research, LLC",RECRUITING,Weslaco,Texas,78596,26.15952,-97.99084
NCT07392190,A Study of Eloralintide (LY3841136) in Participants With Persistent Obesity Who Are Treated With a Weekly Incretin,RECRUITING,INTERVENTIONAL,PHASE3,Texas Valley Clinical Research,RECRUITING,Weslaco,Texas,78596,26.15952,-97.99084
NCT07589608,"A Study to Investigate Weight Management With Macupatide and Eloralintide, Alone or in Combination, in Adult Participants With Obesity or Overweight",RECRUITING,INTERVENTIONAL,PHASE2,Texas Valley Clinical Research,RECRUITING,Weslaco,Texas,78596,26.15952,-97.99084
NCT07662213,"A Study to Find Out if the Study Drug Elecoglipron Helps Adults With Type 2 Diabetes Mellitus by Comparing it With Semaglutide, a Medicine Already Used to Treat Type 2 Diabetes Mellitus",RECRUITING,INTERVENTIONAL,PHASE3,Research Site,NOT_YET_RECRUITING,Weslaco,Texas,78596,26.15952,-97.99084
NCT07392190,A Study of Eloralintide (LY3841136) in Participants With Persistent Obesity Who Are Treated With a Weekly Incretin,RECRUITING,INTERVENTIONAL,PHASE3,Medrasa Clinical Research,RECRUITING,Wylie,Texas,75098,33.01512,-96.53888
