stateabbr,countyname,countyfips,totalpopulation,diabetes_crudeprev,diabetes_crude95ci,diabetes_adjprev,diabetes_adj95ci
TX,Hemphill,48211,3189,11.6,"(10.0, 13.5)",9.7,"( 8.3, 11.2)"
TX,Goliad,48175,7144,15.6,"(13.5, 17.8)",11.6,"(10.0, 13.3)"
TX,Taylor,48441,146836,11.2,"( 9.7, 12.9)",11.3,"( 9.8, 12.8)"
TX,El Paso,48141,869880,15.4,"(13.6, 17.3)",15.3,"(13.5, 17.2)"
TX,Brazoria,48039,398938,12.0,"(10.5, 13.5)",11.3,"( 9.9, 12.8)"
TX,Castro,48069,7227,15.5,"(12.9, 18.2)",13.7,"(11.5, 16.2)"
TX,Hansford,48195,5071,13.6,"(11.7, 15.6)",12.3,"(10.5, 14.2)"
TX,Jackson,48239,15221,14.7,"(12.7, 16.6)",12.1,"(10.4, 13.8)"
TX,Zapata,48505,13736,20.8,"(18.2, 23.4)",20.1,"(17.5, 22.7)"
TX,King,48269,217,16.8,"(14.3, 19.5)",12.2,"(10.4, 14.1)"
TX,Angelina,48005,87319,14.9,"(13.0, 16.8)",13.0,"(11.3, 14.8)"
TX,Duval,48131,9604,18.8,"(16.6, 21.3)",17.0,"(14.8, 19.4)"
TX,Limestone,48293,22250,16.1,"(14.0, 18.4)",13.1,"(11.4, 15.0)"
TX,Lynn,48305,5761,15.2,"(13.1, 17.5)",13.4,"(11.6, 15.4)"
TX,Gaines,48165,22523,11.8,"(10.2, 13.5)",12.3,"(10.7, 14.1)"
TX,Medina,48325,54797,14.4,"(12.4, 16.4)",12.4,"(10.7, 14.1)"
TX,Stonewall,48433,1218,15.8,"(14.4, 17.3)",11.5,"(10.5, 12.6)"
TX,Presidio,48377,5795,22.2,"(19.4, 24.9)",17.8,"(15.5, 20.0)"
TX,Hartley,48205,5145,12.0,"(10.2, 13.9)",10.8,"( 9.3, 12.6)"
TX,Dallam,48111,7237,14.7,"(12.8, 16.6)",14.6,"(12.7, 16.5)"
TX,Cottle,48101,1294,18.8,"(16.3, 21.6)",13.9,"(12.0, 16.0)"
TX,Runnels,48399,9868,14.7,"(12.7, 16.8)",11.8,"(10.2, 13.6)"
TX,Webb,48479,269148,16.1,"(13.9, 18.5)",16.8,"(14.5, 19.3)"
TX,Brooks,48047,6848,19.8,"(18.1, 21.5)",18.2,"(16.6, 19.8)"
TX,Atascosa,48013,51784,15.4,"(13.4, 17.5)",14.0,"(12.3, 16.0)"
TX,Kendall,48259,50537,11.1,"( 9.6, 13.1)",8.8,"( 7.6, 10.3)"
TX,Fort Bend,48157,916778,12.0,"(10.4, 13.6)",11.1,"( 9.6, 12.6)"
TX,Smith,48423,245209,13.2,"(11.4, 15.2)",11.7,"(10.0, 13.5)"
TX,Uvalde,48463,24960,15.7,"(13.7, 17.8)",14.6,"(12.7, 16.7)"
TX,Navarro,48349,55635,15.3,"(13.4, 17.6)",13.5,"(11.8, 15.5)"
TX,Lavaca,48285,20571,14.6,"(12.7, 16.8)",11.1,"( 9.5, 12.7)"
TX,Parmer,48369,9617,15.0,"(12.9, 16.9)",13.5,"(11.6, 15.3)"
TX,Martin,48317,5216,12.1,"(11.1, 13.1)",11.5,"(10.6, 12.5)"
TX,Childress,48075,6788,12.0,"(10.4, 13.7)",12.0,"(10.4, 13.8)"
TX,Oldham,48359,1783,13.3,"(11.3, 15.3)",11.3,"( 9.6, 13.0)"
TX,Terrell,48443,687,15.0,"(12.9, 17.2)",10.4,"( 9.0, 12.0)"
TX,Comanche,48093,14050,14.8,"(12.9, 17.0)",11.4,"( 9.8, 13.2)"
TX,Mitchell,48335,9075,13.3,"(11.5, 15.1)",13.5,"(11.6, 15.4)"
TX,Rains,48379,12986,14.1,"(11.9, 16.5)",10.3,"( 8.7, 12.0)"
TX,Caldwell,48055,49859,14.6,"(12.7, 16.7)",13.5,"(11.7, 15.6)"
TX,Wilbarger,48487,12522,16.5,"(14.4, 18.8)",14.2,"(12.4, 16.2)"
TX,Hood,48221,67774,12.5,"(10.5, 14.4)",9.2,"( 7.8, 10.7)"
TX,Schleicher,48413,2391,14.8,"(13.4, 16.2)",11.9,"(10.8, 13.0)"
TX,Bailey,48017,6672,15.5,"(14.2, 16.9)",14.3,"(13.0, 15.6)"
TX,Gregg,48183,126243,13.5,"(11.7, 15.5)",12.3,"(10.6, 14.1)"
TX,Johnson,48251,202906,11.9,"(10.2, 13.7)",11.0,"( 9.4, 12.7)"
TX,Blanco,48031,13048,13.1,"(11.1, 15.2)",9.2,"( 7.8, 10.7)"
TX,Cameron,48061,426710,18.3,"(16.3, 20.6)",17.5,"(15.5, 19.7)"
TX,Zavala,48507,9312,22.6,"(20.8, 24.3)",21.4,"(19.8, 23.1)"
TX,Guadalupe,48187,188454,12.8,"(11.2, 14.6)",11.6,"(10.2, 13.3)"
TX,Armstrong,48011,1832,12.6,"(10.8, 14.7)",9.4,"( 8.0, 11.0)"
TX,Wise,48497,78097,11.9,"(10.3, 13.7)",10.3,"( 8.9, 12.0)"
TX,Hudspeth,48229,3451,14.3,"(13.1, 15.5)",17.4,"(16.0, 18.8)"
TX,Travis,48453,1334961,9.0,"( 7.8, 10.2)",9.5,"( 8.3, 10.8)"
TX,Reeves,48389,11770,17.6,"(15.3, 20.0)",17.5,"(15.2, 19.9)"
TX,DeWitt,48123,19929,16.0,"(13.9, 18.3)",13.1,"(11.3, 15.0)"
TX,Washington,48477,37007,13.2,"(11.4, 15.3)",10.7,"( 9.2, 12.4)"
TX,Coryell,48099,84878,10.3,"( 9.0, 11.8)",11.5,"(10.0, 13.2)"
TX,Jeff Davis,48243,1856,21.2,"(18.3, 24.4)",13.1,"(11.3, 15.1)"
TX,Starr,48427,65934,20.0,"(17.6, 22.6)",20.5,"(18.0, 23.2)"
TX,Hutchinson,48233,20033,12.9,"(11.2, 14.8)",11.0,"( 9.5, 12.6)"
TX,Hamilton,48193,8619,14.6,"(12.4, 16.8)",11.0,"( 9.3, 12.6)"
TX,Kinney,48271,3148,15.8,"(13.7, 18.1)",13.2,"(11.4, 15.2)"
TX,Wood,48499,47921,14.6,"(12.5, 16.9)",10.6,"( 9.1, 12.3)"
TX,Live Oak,48297,11584,16.2,"(14.2, 18.7)",14.2,"(12.4, 16.5)"
TX,Donley,48129,3214,14.0,"(12.1, 16.1)",10.9,"( 9.5, 12.6)"
TX,Palo Pinto,48363,29747,14.4,"(12.3, 16.4)",11.6,"( 9.9, 13.3)"
TX,Floyd,48153,5090,17.0,"(15.6, 18.5)",14.4,"(13.1, 15.6)"
TX,Shelby,48419,24179,16.4,"(14.3, 18.6)",13.7,"(12.0, 15.7)"
TX,Erath,48143,44195,10.8,"( 9.3, 12.4)",11.0,"( 9.5, 12.7)"
TX,Chambers,48071,53876,10.8,"( 9.3, 12.5)",10.7,"( 9.1, 12.3)"
TX,Borden,48033,572,13.2,"(11.9, 14.8)",9.3,"( 8.4, 10.4)"
TX,Frio,48163,17987,15.3,"(13.4, 17.3)",16.5,"(14.4, 18.7)"
TX,Aransas,48007,25374,15.9,"(13.8, 18.5)",11.4,"( 9.8, 13.2)"
TX,Victoria,48469,91664,14.5,"(12.6, 16.5)",12.9,"(11.2, 14.7)"
TX,Haskell,48207,5385,14.9,"(12.8, 17.0)",12.3,"(10.6, 14.1)"
TX,Liberty,48291,108272,13.9,"(12.2, 15.9)",13.8,"(12.0, 15.7)"
TX,Coke,48081,3352,15.9,"(13.7, 18.3)",11.8,"(10.1, 13.5)"
TX,Lamar,48277,51127,14.3,"(12.3, 16.6)",11.9,"(10.2, 13.8)"
TX,Garza,48169,4517,14.9,"(13.6, 16.1)",14.5,"(13.3, 15.7)"
TX,Briscoe,48045,1445,17.5,"(15.3, 20.2)",13.3,"(11.6, 15.4)"
TX,Sutton,48435,3221,17.4,"(15.1, 19.7)",14.0,"(12.1, 15.9)"
TX,Williamson,48491,697191,9.8,"( 8.5, 11.3)",9.5,"( 8.2, 10.9)"
TX,Kaufman,48257,185690,11.2,"( 9.7, 12.9)",11.5,"( 9.9, 13.2)"
TX,Crockett,48105,2858,16.5,"(14.3, 18.6)",13.4,"(11.6, 15.3)"
TX,Maverick,48323,57762,17.8,"(15.5, 20.2)",18.1,"(15.7, 20.6)"
TX,Pecos,48371,14623,16.5,"(14.3, 18.6)",16.0,"(13.9, 18.0)"
TX,Montague,48337,21598,13.4,"(11.5, 15.3)",10.5,"( 9.0, 11.9)"
TX,Moore,48341,21190,14.9,"(13.8, 16.2)",14.7,"(13.5, 15.9)"
TX,San Augustine,48405,7833,20.9,"(18.1, 23.7)",15.2,"(13.1, 17.3)"
TX,Henderson,48213,86158,14.5,"(12.6, 16.7)",11.3,"( 9.8, 13.2)"
TX,Rusk,48401,53079,13.9,"(12.0, 15.9)",12.2,"(10.5, 13.9)"
TX,Bee,48025,30850,13.9,"(12.1, 15.8)",14.6,"(12.7, 16.6)"
TX,Howard,48227,30554,13.7,"(11.9, 15.7)",13.1,"(11.3, 15.0)"
TX,Cherokee,48073,52217,14.7,"(12.6, 16.8)",12.6,"(10.8, 14.4)"
TX,Gonzales,48177,19930,16.0,"(14.1, 18.3)",13.7,"(11.9, 15.7)"
TX,Burnet,48053,53991,13.5,"(11.5, 15.7)",10.3,"( 8.8, 12.0)"
TX,La Salle,48283,6537,15.5,"(13.4, 17.4)",16.6,"(14.3, 18.7)"
TX,Jim Wells,48249,38662,18.0,"(15.5, 20.5)",16.2,"(13.9, 18.5)"
TX,Baylor,48023,3463,14.9,"(12.6, 17.2)",11.6,"(10.0, 13.6)"
TX,Fannin,48147,37571,13.2,"(11.3, 15.3)",11.4,"( 9.7, 13.2)"
TX,Marion,48315,9571,18.1,"(15.9, 20.5)",12.8,"(11.1, 14.7)"
TX,Dallas,48113,2606358,12.5,"(10.9, 14.0)",12.5,"(11.0, 14.1)"
TX,Coleman,48083,7842,15.4,"(13.3, 17.6)",11.3,"( 9.7, 12.8)"
TX,Val Verde,48465,47720,15.6,"(13.5, 17.8)",15.7,"(13.6, 17.9)"
TX,Wichita,48485,130180,12.1,"(10.4, 14.0)",11.6,"(10.0, 13.4)"
TX,Nacogdoches,48347,65375,13.2,"(11.3, 15.1)",13.0,"(11.1, 14.9)"
TX,Hockley,48219,21460,14.1,"(12.2, 16.2)",12.9,"(11.1, 14.8)"
TX,Tom Green,48451,119057,12.9,"(11.2, 14.8)",11.9,"(10.2, 13.6)"
TX,Ward,48475,10966,14.4,"(12.5, 16.4)",13.5,"(11.7, 15.5)"
TX,Ochiltree,48357,9704,14.1,"(12.9, 15.4)",13.5,"(12.3, 14.7)"
TX,Brewster,48043,9513,12.8,"(11.0, 14.9)",10.5,"( 9.0, 12.1)"
TX,Titus,48449,31357,15.6,"(13.5, 17.7)",14.0,"(12.2, 15.9)"
TX,Jasper,48241,32694,16.3,"(14.1, 18.7)",12.9,"(11.1, 14.8)"
TX,Grimes,48185,32384,14.4,"(12.6, 16.5)",12.3,"(10.7, 14.0)"
TX,Knox,48275,3302,15.6,"(14.2, 17.1)",12.5,"(11.4, 13.7)"
TX,Archer,48009,9029,12.7,"(11.5, 14.0)",9.9,"( 8.9, 10.8)"
TX,San Saba,48411,5845,14.2,"(12.9, 15.6)",12.0,"(11.0, 13.1)"
TX,McCulloch,48307,7452,15.5,"(13.5, 17.8)",11.9,"(10.2, 13.7)"
TX,Camp,48063,13000,16.1,"(14.1, 18.0)",13.7,"(12.0, 15.3)"
TX,Denton,48121,1007703,9.9,"( 8.5, 11.3)",9.6,"( 8.3, 11.1)"
TX,Red River,48387,11678,16.9,"(14.7, 19.3)",12.5,"(10.8, 14.3)"
TX,Foard,48155,1079,18.2,"(15.8, 20.8)",13.6,"(11.8, 15.5)"
TX,Comal,48091,193928,11.2,"( 9.7, 13.0)",9.2,"( 8.0, 10.7)"
TX,Sherman,48421,2678,12.9,"(11.7, 14.0)",11.2,"(10.2, 12.3)"
TX,Kerr,48265,53915,14.7,"(12.5, 17.0)",10.8,"( 9.2, 12.4)"
TX,San Jacinto,48407,28936,16.4,"(14.3, 18.6)",12.7,"(11.0, 14.5)"
TX,Anderson,48001,57736,13.9,"(11.9, 15.8)",13.0,"(11.2, 14.9)"
TX,Llano,48299,22875,15.7,"(13.4, 18.1)",10.1,"( 8.6, 11.6)"
TX,Collingsworth,48087,2563,15.5,"(14.0, 17.2)",12.7,"(11.5, 14.1)"
TX,Real,48385,2854,18.3,"(15.8, 20.8)",12.6,"(10.8, 14.5)"
TX,Morris,48343,12066,15.9,"(13.8, 18.0)",12.5,"(10.8, 14.3)"
TX,Stephens,48429,9343,13.8,"(11.9, 15.8)",11.8,"(10.2, 13.5)"
TX,Walker,48471,81268,13.3,"(11.5, 15.2)",13.8,"(11.9, 15.7)"
TX,Upshur,48459,43281,13.9,"(12.0, 16.1)",11.4,"( 9.8, 13.2)"
TX,Panola,48365,22838,13.8,"(11.9, 15.9)",11.3,"( 9.8, 13.0)"
TX,Carson,48065,5878,11.7,"(10.1, 13.5)",9.3,"( 8.0, 10.8)"
TX,Cooke,48097,43782,13.0,"(11.2, 15.2)",10.8,"( 9.2, 12.5)"
TX,Robertson,48395,17267,15.4,"(13.4, 17.5)",12.3,"(10.7, 14.1)"
TX,McMullen,48311,568,17.8,"(15.5, 20.2)",14.1,"(12.3, 16.2)"
TX,Bell,48027,393193,12.6,"(11.1, 14.3)",13.0,"(11.4, 14.7)"
TX,Irion,48235,1549,13.4,"(11.9, 15.0)",10.3,"( 9.1, 11.7)"
TX,Hardin,48199,58261,12.4,"(10.6, 14.2)",10.4,"( 8.9, 12.0)"
TX,Houston,48225,22066,16.8,"(14.6, 19.2)",13.5,"(11.7, 15.4)"
TX,Yoakum,48501,7468,13.5,"(11.7, 15.6)",13.0,"(11.3, 15.1)"
TX,Leon,48289,16538,15.3,"(13.2, 17.5)",11.4,"( 9.8, 13.1)"
TX,Hidalgo,48215,898471,17.4,"(15.3, 19.6)",17.7,"(15.6, 20.1)"
TX,Swisher,48437,6955,16.6,"(14.4, 18.8)",15.5,"(13.4, 17.6)"
TX,Freestone,48161,20441,14.7,"(12.7, 17.0)",11.9,"(10.2, 13.8)"
TX,Gillespie,48171,27733,13.6,"(11.5, 15.8)",9.5,"( 8.1, 11.1)"
TX,Harris,48201,4835125,13.2,"(11.6, 15.0)",13.2,"(11.6, 14.9)"
TX,Van Zandt,48467,64000,13.4,"(11.5, 15.5)",10.7,"( 9.2, 12.4)"
TX,Edwards,48137,1393,19.3,"(16.6, 22.2)",13.7,"(11.8, 15.8)"
TX,Bosque,48035,18996,14.3,"(12.2, 16.6)",10.5,"( 9.1, 12.2)"
TX,Jefferson,48245,251496,15.6,"(13.7, 17.8)",14.2,"(12.4, 16.2)"
TX,Lamb,48279,12711,16.6,"(14.4, 18.7)",14.3,"(12.4, 16.3)"
TX,Calhoun,48057,19696,14.7,"(12.8, 16.7)",12.2,"(10.6, 13.9)"
TX,Polk,48373,54186,15.4,"(13.4, 17.9)",12.5,"(10.9, 14.4)"
TX,Crosby,48107,4917,17.1,"(15.0, 19.4)",14.6,"(12.7, 16.6)"
TX,Wilson,48493,54183,13.1,"(11.4, 15.1)",11.0,"( 9.5, 12.6)"
TX,Sabine,48403,10106,16.6,"(14.0, 19.1)",11.1,"( 9.3, 12.8)"
TX,Wheeler,48483,4804,14.7,"(13.4, 16.1)",11.8,"(10.8, 12.8)"
TX,Burleson,48051,19475,14.0,"(11.9, 16.2)",11.0,"( 9.4, 12.9)"
TX,Hall,48191,2818,17.5,"(15.3, 20.0)",13.6,"(11.8, 15.5)"
TX,Ector,48135,164494,12.8,"(11.1, 14.7)",13.6,"(11.8, 15.6)"
TX,Tyler,48457,20382,15.3,"(13.2, 17.6)",12.7,"(10.8, 14.7)"
TX,Hill,48217,38101,14.2,"(12.2, 16.3)",11.5,"( 9.9, 13.2)"
TX,Bastrop,48021,110778,13.4,"(11.6, 15.4)",12.0,"(10.3, 13.8)"
TX,Montgomery,48339,711354,11.4,"( 9.7, 13.2)",10.4,"( 8.9, 12.2)"
TX,Gray,48179,20916,13.9,"(11.8, 15.9)",12.4,"(10.6, 14.3)"
TX,Lampasas,48281,23262,14.0,"(12.1, 16.2)",11.0,"( 9.5, 12.6)"
TX,Karnes,48255,15018,14.0,"(12.1, 15.9)",14.4,"(12.4, 16.3)"
TX,Hays,48209,280486,10.2,"( 8.8, 11.8)",10.8,"( 9.3, 12.5)"
TX,Matagorda,48321,36359,16.4,"(14.3, 18.6)",13.9,"(12.1, 15.8)"
TX,Cochran,48079,2509,18.6,"(16.4, 21.1)",17.1,"(15.1, 19.4)"
TX,Falls,48145,17286,16.1,"(14.1, 18.4)",13.8,"(12.1, 15.9)"
TX,Dawson,48115,12004,15.3,"(13.3, 17.5)",15.3,"(13.3, 17.5)"
TX,Collin,48085,1195359,9.5,"( 8.2, 10.9)",9.1,"( 7.8, 10.5)"
TX,Reagan,48383,3141,14.5,"(13.1, 15.8)",13.7,"(12.4, 14.9)"
TX,Kleberg,48273,30069,14.0,"(12.2, 15.9)",15.4,"(13.4, 17.6)"
TX,Dimmit,48127,8257,23.4,"(20.7, 26.2)",21.5,"(18.9, 24.3)"
TX,Shackelford,48417,3229,12.3,"(10.4, 14.2)",9.5,"( 8.1, 11.0)"
TX,McLennan,48309,268583,12.5,"(10.9, 14.2)",12.2,"(10.6, 13.9)"
TX,Milam,48331,25951,14.9,"(12.9, 17.1)",11.9,"(10.3, 13.6)"
TX,Roberts,48393,840,11.6,"( 9.8, 13.5)",8.9,"( 7.6, 10.3)"
TX,Kent,48263,734,12.9,"(11.0, 15.0)",9.3,"( 7.9, 10.8)"
TX,Throckmorton,48447,1526,15.4,"(13.8, 17.0)",11.0,"( 9.9, 12.2)"
TX,Colorado,48089,21117,14.9,"(12.8, 16.9)",11.6,"( 9.9, 13.2)"
TX,Midland,48329,177108,10.8,"( 9.3, 12.3)",11.4,"( 9.8, 13.0)"
TX,Nolan,48353,14306,16.5,"(14.3, 18.9)",14.0,"(12.1, 16.1)"
TX,Nueces,48355,352289,15.8,"(14.0, 17.7)",14.5,"(12.7, 16.3)"
TX,Brazos,48041,244703,9.7,"( 8.4, 11.3)",12.5,"(10.8, 14.4)"
TX,Fayette,48149,25474,13.8,"(11.8, 16.0)",10.1,"( 8.6, 11.7)"
TX,Lubbock,48303,320940,11.4,"( 9.8, 13.0)",12.0,"(10.4, 13.8)"
TX,Cass,48067,28659,15.7,"(13.6, 18.0)",12.0,"(10.4, 13.8)"
TX,Bowie,48037,91687,13.8,"(11.9, 15.8)",12.1,"(10.4, 13.9)"
TX,Potter,48375,114647,15.3,"(13.3, 17.4)",14.4,"(12.6, 16.5)"
TX,Culberson,48109,2196,19.3,"(16.7, 21.8)",16.2,"(13.9, 18.3)"
TX,Rockwall,48397,131307,9.4,"( 8.0, 10.8)",8.7,"( 7.4, 10.1)"
TX,San Patricio,48409,70660,15.4,"(13.4, 17.5)",13.9,"(12.1, 15.9)"
TX,Delta,48119,5520,13.7,"(12.5, 14.9)",10.9,"(10.0, 11.9)"
TX,Waller,48473,63553,11.1,"( 9.6, 12.7)",12.2,"(10.6, 14.0)"
TX,Glasscock,48173,1141,10.9,"( 9.6, 12.1)",9.9,"( 8.7, 11.0)"
TX,Tarrant,48439,2182947,11.7,"(10.2, 13.3)",11.4,"( 9.9, 13.0)"
TX,Harrison,48203,70895,13.8,"(12.0, 15.9)",11.9,"(10.3, 13.8)"
TX,Motley,48345,1020,14.7,"(13.2, 16.2)",10.5,"( 9.5, 11.6)"
TX,Kimble,48267,4442,16.6,"(14.2, 19.0)",11.7,"(10.0, 13.4)"
TX,Jack,48237,8875,13.4,"(11.5, 15.4)",11.8,"(10.1, 13.6)"
TX,Young,48503,18124,13.4,"(11.4, 15.5)",10.8,"( 9.2, 12.5)"
TX,Eastland,48133,18037,14.1,"(12.1, 16.2)",11.4,"( 9.8, 13.1)"
TX,Parker,48367,173494,10.7,"( 9.1, 12.5)",9.2,"( 7.8, 10.7)"
TX,Ellis,48139,222829,11.6,"(10.0, 13.4)",10.9,"( 9.4, 12.5)"
TX,Callahan,48059,14374,13.2,"(11.2, 15.3)",10.2,"( 8.7, 11.9)"
TX,Austin,48015,31677,14.7,"(12.8, 16.9)",11.8,"(10.2, 13.6)"
TX,Galveston,48167,361744,12.3,"(10.7, 14.0)",10.8,"( 9.3, 12.3)"
TX,Wharton,48481,41739,15.0,"(13.2, 17.3)",12.9,"(11.2, 14.8)"
TX,Andrews,48003,18664,12.7,"(10.9, 14.6)",12.9,"(11.2, 14.9)"
TX,Jim Hogg,48247,4720,22.8,"(20.9, 24.9)",20.2,"(18.4, 22.1)"
TX,Crane,48103,4574,15.0,"(13.0, 17.1)",14.5,"(12.5, 16.5)"
TX,Madison,48313,13742,13.1,"(11.3, 14.9)",12.9,"(11.2, 14.8)"
TX,Sterling,48431,1397,10.5,"( 9.0, 12.2)",9.4,"( 8.0, 11.0)"
TX,Refugio,48391,6666,17.6,"(15.5, 19.9)",14.0,"(12.2, 15.9)"
TX,Hardeman,48197,3490,15.2,"(13.2, 17.2)",11.9,"(10.3, 13.5)"
TX,Dickens,48125,1711,16.7,"(14.4, 19.1)",12.2,"(10.5, 14.0)"
TX,Mason,48319,3931,14.4,"(12.8, 16.0)",9.9,"( 8.8, 10.9)"
TX,Bandera,48019,22637,15.7,"(13.6, 18.0)",10.8,"( 9.4, 12.4)"
TX,Franklin,48159,10735,13.0,"(11.1, 15.0)",9.9,"( 8.5, 11.5)"
TX,Somervell,48425,9888,12.3,"(10.5, 14.3)",9.8,"( 8.4, 11.4)"
TX,Willacy,48489,20037,18.8,"(16.3, 21.3)",19.0,"(16.5, 21.6)"
TX,Hopkins,48223,38172,13.4,"(11.5, 15.4)",11.2,"( 9.7, 12.9)"
TX,Trinity,48455,14228,16.4,"(14.2, 18.7)",11.8,"(10.1, 13.4)"
TX,Terry,48445,11547,16.4,"(14.3, 18.5)",15.1,"(13.2, 17.1)"
TX,Concho,48095,3297,14.2,"(12.9, 15.6)",12.7,"(11.6, 13.9)"
TX,Orange,48361,85722,12.4,"(10.7, 14.2)",10.9,"( 9.4, 12.5)"
TX,Randall,48381,148255,10.8,"( 9.2, 12.4)",10.0,"( 8.5, 11.4)"
TX,Hale,48189,31761,15.6,"(13.6, 17.7)",15.0,"(13.0, 17.1)"
TX,Lee,48287,18240,15.4,"(13.3, 17.7)",12.4,"(10.7, 14.3)"
TX,Jones,48253,20381,13.0,"(11.2, 14.9)",12.9,"(11.1, 14.8)"
TX,Scurry,48415,16212,13.6,"(11.8, 15.5)",12.4,"(10.7, 14.2)"
TX,Brown,48049,38709,14.0,"(12.3, 15.7)",11.4,"(10.0, 12.9)"
TX,Fisher,48151,3612,14.5,"(12.6, 16.5)",10.8,"( 9.4, 12.4)"
TX,Deaf Smith,48117,18347,16.4,"(14.3, 18.8)",16.0,"(13.9, 18.3)"
TX,Bexar,48029,2087679,13.9,"(12.2, 15.6)",13.8,"(12.1, 15.5)"
TX,Menard,48327,1958,17.6,"(15.2, 20.2)",12.1,"(10.4, 13.9)"
TX,Newton,48351,12039,18.6,"(16.2, 21.0)",14.1,"(12.2, 16.0)"
TX,Upton,48461,3109,16.6,"(15.2, 17.9)",14.8,"(13.6, 16.0)"
TX,Lipscomb,48295,2906,14.8,"(12.7, 17.1)",12.1,"(10.4, 14.0)"
TX,Hunt,48231,113347,12.3,"(10.5, 14.1)",11.2,"( 9.5, 12.9)"
TX,Clay,48077,10738,13.2,"(11.2, 15.2)",9.8,"( 8.3, 11.3)"
TX,Mills,48333,4548,14.1,"(11.8, 16.3)",9.9,"( 8.3, 11.5)"
TX,Grayson,48181,146907,12.5,"(10.8, 14.4)",10.6,"( 9.1, 12.2)"
TX,Kenedy,48261,343,18.5,"(16.1, 21.0)",14.9,"(12.8, 16.9)"
TX,Winkler,48495,7414,14.1,"(12.3, 16.2)",13.3,"(11.5, 15.2)"
